/*
Navicat MySQL Data Transfer

Source Server         : localhost
Source Server Version : 80015
Source Host           : localhost:3306
Source Database       : test

Target Server Type    : MYSQL
Target Server Version : 80015
File Encoding         : 65001

Date: 2019-05-28 15:04:32
*/

SET FOREIGN_KEY_CHECKS=0;

-- ----------------------------
-- Table structure for car
-- ----------------------------
DROP TABLE IF EXISTS `car`;
CREATE TABLE `car` (
  `id` bigint(20) NOT NULL AUTO_INCREMENT,
  `car_id` bigint(20) DEFAULT NULL,
  `car_name` varchar(255) CHARACTER SET utf8 COLLATE utf8_general_ci DEFAULT NULL,
  `car_brand` varchar(255) CHARACTER SET utf8 COLLATE utf8_general_ci DEFAULT NULL,
  `car_type` varchar(255) CHARACTER SET utf8 COLLATE utf8_general_ci DEFAULT NULL,
  `color` varchar(255) CHARACTER SET utf8 COLLATE utf8_general_ci DEFAULT NULL,
  `heat_value` bigint(20) DEFAULT NULL,
  `rent` bigint(20) DEFAULT NULL,
  `created_date` datetime NOT NULL,
  `updated_date` datetime DEFAULT NULL,
  `state` int(11) DEFAULT NULL,
  `car_describe` varchar(255) CHARACTER SET utf8 COLLATE utf8_general_ci DEFAULT NULL,
  `displacement` varchar(255) CHARACTER SET utf8 COLLATE utf8_general_ci DEFAULT NULL,
  `drive_way` varchar(255) CHARACTER SET utf8 COLLATE utf8_general_ci DEFAULT NULL,
  `engine` varchar(255) CHARACTER SET utf8 COLLATE utf8_general_ci DEFAULT NULL,
  `fuel_consumption` varchar(255) CHARACTER SET utf8 COLLATE utf8_general_ci DEFAULT NULL,
  `riding_number` varchar(255) CHARACTER SET utf8 COLLATE utf8_general_ci DEFAULT NULL,
  `car_source` varchar(255) CHARACTER SET utf8 COLLATE utf8_general_ci DEFAULT NULL,
  `fuzzy_query` varchar(255) CHARACTER SET utf8 COLLATE utf8_general_ci DEFAULT NULL,
  `source_user_id` bigint(20) DEFAULT NULL,
  PRIMARY KEY (`id`) USING BTREE,
  UNIQUE KEY `UK_i30y75iyqeljinunjxneofv4y` (`car_id`) USING BTREE,
  KEY `car_brand` (`car_brand`),
  KEY `car_brand_2` (`car_brand`,`id`),
  KEY `car_id` (`car_id`,`rent`),
  KEY `rent` (`rent`)
) ENGINE=InnoDB AUTO_INCREMENT=161 DEFAULT CHARSET=utf8 ROW_FORMAT=DYNAMIC;

-- ----------------------------
-- Records of car
-- ----------------------------
INSERT INTO `car` VALUES ('77', '77', '奔驰GT100', '奔驰', '轿车', '白色', '102', '200', '2019-04-25 08:42:24', null, '0', '未来的安全技术，已用于今天的汽车', '1.4', '后驱', '400', '14L', '四人', null, '轿车奔驰GT100Benz白色个人卖家', null);
INSERT INTO `car` VALUES ('78', '78', '奔驰GLA11', '奔驰', 'SUV', '黑色', '104', '772', '2019-04-25 08:43:30', null, '0', '奔驰GLK级豪华中型SUV，凌厉线条，诠释硬朗本色', '1.4', '四驱', '500', '14L', '六人', null, 'SUV奔驰GLA11Benz黑色个人卖家', null);
INSERT INTO `car` VALUES ('80', '80', '福特GT', '福特', 'SUV', '白色', '106', '233', '2019-04-25 08:45:39', null, '0', '未来的安全技术，已用于今天的汽车', '1.4', '四驱', '400', '14L', '六人', null, 'SUV福特GTFord白色个人卖家', null);
INSERT INTO `car` VALUES ('81', '81', '福特C100', '福特', '轿车', '黑色', '254', '462', '2019-04-25 08:46:39', null, '0', '未来的安全技术，已用于今天的汽车', '1.4', '后驱', '900', '14L', '四人', null, '轿车福特C100Ford黑色个人卖家', null);
INSERT INTO `car` VALUES ('82', '82', '福特-福克斯', '福特', 'SUV', '蓝色', '254', '200', '2019-04-25 08:47:41', null, '0', '福克斯，就是跑得快', '1.4', '后驱', '400', '14L', '六人', null, 'SUV福特-福克斯Ford蓝色个人卖家', null);
INSERT INTO `car` VALUES ('83', '83', '长安福特', '福特', 'SUV', '棕色', '254', '100', '2019-04-25 08:49:16', null, '0', '就是跑得快，就是不烧油', '1.4', '前驱', '400', '14L', '六人', null, 'SUV长安福特Ford棕色个人卖家', null);
INSERT INTO `car` VALUES ('84', '84', '长安福特focus', '福特', 'SUV', '红色', '100', '200', '2019-04-25 08:51:25', null, '0', '心要飞越每一个巅峰，如闯荡山野的狂风', '1.4', '后驱', '500', '14L', '四人', null, 'SUV长安福特focusFord红色个人卖家', null);
INSERT INTO `car` VALUES ('85', '85', '吉普FATRIOT', '吉普', 'SUV', '白色', '104', '200', '2019-04-25 08:53:10', null, '0', '心要飞越每一个巅峰，如闯荡山野的狂风', '1.4', '四驱', '400', '14L', '六人', null, 'SUV吉普FATRIOTJEEP白色个人卖家', null);
INSERT INTO `car` VALUES ('86', '86', '吉普领航者', '吉普', 'SUV', '橙色', '102', '200', '2019-04-25 09:05:57', null, '0', '不是所有的吉普，都叫Jeep。', '1.4', '后驱', '900', '14L', '六人', null, 'SUV吉普领航者JEEP橙色个人卖家', null);
INSERT INTO `car` VALUES ('87', '87', '别克ETI', '别克', 'SUV', '白色', '254', '200', '2019-04-25 09:08:21', null, '0', '别克，全新ETI领衔上市', '1.4', '后驱', '500', '14L', '五人', null, 'SUV别克ETIBIEKE白色个人卖家', null);
INSERT INTO `car` VALUES ('88', '88', '比亚迪', '比亚迪', 'SUV', '白色', '108', '200', '2019-04-25 09:09:22', null, '0', '未来的安全技术，已用于今天的汽车', '1.4', '后驱', '400', '14L', '六人', null, 'SUV比亚迪BYD白色个人卖家', null);
INSERT INTO `car` VALUES ('89', '89', '长安风之子', '长安', 'SUV', '灰色', '254', '320', '2019-04-25 09:12:19', '2019-04-26 11:10:18', '0', '不是所有的SUV，都叫长安。', '1.4', '四驱', '500', '14L', '六人', null, 'SUV长安风之子CHANGAN灰色个人卖家', null);
INSERT INTO `car` VALUES ('90', '90', 'rx5', 'RONGWEI', 'SUV', '蓝色', '108', '200', '2019-04-25 09:15:22', '2019-05-24 14:35:32', '1', '未来的安全技术，已用于今天的汽车', '1.4', '四驱', '400', '14L', '六人', null, 'SUVrx5RONGWEI蓝色个人卖家', null);
INSERT INTO `car` VALUES ('91', '91', '福特 野马', '福特', '轿车', '黑色', '200', '200', '2019-04-25 09:21:38', null, '0', '心要飞越每一个巅峰，如闯荡山野的狂风', '1.4', '后驱', '400', '14L', '四人', null, '轿车福特 野马Ford黑色个人卖家', null);
INSERT INTO `car` VALUES ('92', '92', 'MINI COPER', '宝马', '轿车', '白色', '254', '200', '2019-04-25 09:22:39', null, '1', '心要飞越每一个巅峰，如闯荡山野的狂风', '1.4', '后驱', '500', '14L', '四人', null, 'SUVMINI COPERBMW白色个人卖家', null);
INSERT INTO `car` VALUES ('93', '93', '宝马A45', '宝马', '轿车', '白色', '104', '500', '2019-04-25 09:25:58', null, '0', '未来的安全技术，已用于今天的汽车', '1.4', '后驱', '500', '14L', '五人', null, '轿车宝马A45BMW白色个人卖家', null);
INSERT INTO `car` VALUES ('94', '94', '宝马B200', '宝马', '轿车', '棕色', '254', '320', '2019-04-25 09:27:16', null, '0', '未来的安全技术，已用于今天的汽车', '1.4', '后驱', '500', '14L', '五人', null, '轿车宝马B200BMW棕色个人卖家', null);
INSERT INTO `car` VALUES ('95', '95', '宝马GLK300', '宝马', 'SUV', '灰色', '100', '200', '2019-04-25 09:28:26', '2019-05-23 08:01:40', '0', '未来的安全技术，已用于今天的汽车', '1.4', '四驱', '400', '14L', '五人', null, 'SUV宝马GLK300BMW灰色个人卖家', null);
INSERT INTO `car` VALUES ('96', '96', '保时捷911', '保时捷', '轿车', '白色', '101', '200', '2019-04-25 09:31:01', null, '0', '未来的安全技术，已用于今天的汽车', '1.4', '后驱', '400', '14L', '二人', null, '轿车保时捷911Porsche白色个人卖家', null);
INSERT INTO `car` VALUES ('97', '97', '保时捷卡迈罗', '保时捷', '超跑', '白色', '200', '500', '2019-04-25 09:32:24', null, '0', '时间改变一切，你改变时间', '1.4', '四驱', '400', '14L', '二人', null, '超跑保时捷卡迈罗Porsche白色个人卖家', null);
INSERT INTO `car` VALUES ('98', '98', '保时捷macanS', '保时捷', 'SUV', '黑色', '107', '200', '2019-04-25 09:33:30', null, '0', '时间改变一切，你改变时间', '1.4', '四驱', '900', '14L', '六人', null, 'SUV保时捷macanSPorsche黑色个人卖家', null);
INSERT INTO `car` VALUES ('99', '99', '兰博基尼小牛', '兰博基尼', '超跑', '黑色', '108', '100', '2019-04-25 09:47:00', '2019-05-23 03:15:16', '0', '闪烁疾驰，用尾灯为对手照亮前路', '1.4', '四驱', '400', '14L', '二人', null, '超跑兰博基尼小牛Lamborghini黑色个人卖家', null);
INSERT INTO `car` VALUES ('100', '100', '莲花GT', '莲花', '超跑', '黄色', '301', '320', '2019-04-25 09:48:04', '2019-05-22 12:29:03', '1', '闪烁疾驰，用尾灯为对手照亮前路', '1.4', '四驱', '400', '14L', '二人', null, '超跑莲花GTLotus黄色个人卖家', null);
INSERT INTO `car` VALUES ('101', '101', 'jeep 爱国者', '吉普', 'SUV', '红色', '301', '500', '2019-04-25 10:23:16', '2019-05-24 15:18:44', '0', '流走的是岁月，沉淀的是经典', '1.4', '后驱', '900', '14L', '四人', null, 'SUVjeep 爱国者jeep红色个人卖家', null);
INSERT INTO `car` VALUES ('102', '102', '宝马 X5', '宝马', 'SUV', '黑色', '100', '200', '2019-04-25 10:26:38', '2019-05-22 08:06:40', '0', '未来的安全技术，已用于今天的汽车', '1.4', '四驱', '400', '14L', '四人', null, 'SUV宝马 X5BMW黑色个人卖家', null);
INSERT INTO `car` VALUES ('103', '103', '路虎 揽胜v8', '路虎', 'SUV', '白色', '301', '320', '2019-04-25 10:29:20', null, '0', '路虎 揽胜v8豪华中型SUV，凌厉线条，诠释硬朗本色', '1.4', '四驱', '500', '14L', '四人', null, 'SUV路虎 揽胜v8LAND ROVER白色个人卖家', null);
INSERT INTO `car` VALUES ('104', '104', '宝马mini', '宝马', '轿车', '黄色', '301', '200', '2019-04-25 10:31:30', null, '0', '经典需要时间，经典蔑视时间', '1.4', '后驱', '400', '14L', '四人', null, '轿车宝马miniBMW黄色个人卖家', null);
INSERT INTO `car` VALUES ('105', '105', '大众100', '大众', '轿车', '红色', '102', '200', '2019-04-25 10:33:33', '2019-05-24 02:56:16', '0', '经典需要时间，经典蔑视时间', '1.4', '后驱', '400', '14L', '四人', null, '轿车大众100Volkswagen红色个人卖家', null);
INSERT INTO `car` VALUES ('106', '106', '法拉利458', '法拉利', '跑车', '白色', '200', '500', '2019-04-25 10:36:12', '2019-05-25 00:51:57', '1', '闪烁疾驰，用尾灯为对手照亮前路', '1.4', '后驱', '400', '14L', '二人', null, '跑车法拉利458Ferrari白色个人卖家', null);
INSERT INTO `car` VALUES ('107', '107', '奔驰S530L', '奔驰', '轿车', '黑色', '301', '200', '2019-04-25 10:38:16', '2019-05-23 06:48:43', '0', '时间改变一切，你改变时间', '1.4', '后驱', '900', '14L', '四人', null, '轿车奔驰S530L黑色个人卖家', null);
INSERT INTO `car` VALUES ('108', '108', '宝马B200', '宝马', '轿车', '银白色', '106', '320', '2019-04-25 10:42:00', null, '0', '世界的宠儿，宠儿的宠爱最爱！！！', '1.4', '后驱', '400', '14L', '四人', null, '轿车宝马B200BMW银白色个人卖家', null);
INSERT INTO `car` VALUES ('109', '109', '奔驰S400L', '奔驰', '轿车', '黑色', '200', '200', '2019-04-25 10:43:54', '2019-05-24 14:38:20', '0', '经典需要时间，经典蔑视时间', '1.4', '四驱', '500', '14L', '四人', null, '奔驰S400LBenz黑色个人卖家', null);
INSERT INTO `car` VALUES ('111', '111', '奥迪A8L', '奥迪', '轿车', '黑色', '301', '500', '2019-04-25 10:46:48', '2019-05-22 12:43:53', '1', '未来的安全技术，已用于今天的汽车', '1.4', '四驱', '400', '14L', '四人', null, '轿车奥迪A8LAudi黑色个人卖家', null);
INSERT INTO `car` VALUES ('112', '112', '保时捷macanS', '保时捷', '超跑', '黑色', '200', '320', '2019-04-25 10:49:02', null, '0', '流走的是岁月，沉淀的是经典', '1.4', '后驱', '900', '14L', '二人', null, '超跑保时捷macanSPorsche黑色个人卖家', null);
INSERT INTO `car` VALUES ('113', '113', '福特 野马', '福特', 'SUV', '黑色', '301', '320', '2019-04-25 10:50:20', null, '0', '时间改变一切，你改变时间', '1.4', '四驱', '400', '14L', '四人', null, 'SUV福特 野马Ford黑色个人卖家', null);
INSERT INTO `car` VALUES ('114', '114', '福特 野马', '福特', '超跑', '黄色', '301', '200', '2019-04-25 10:52:28', '2019-05-23 08:03:11', '0', '闪烁疾驰，用尾灯为对手照亮前路', '1.4', '四驱', '400', '14L', '二人', null, '超跑福特 野马Ford黄色个人卖家', null);
INSERT INTO `car` VALUES ('115', '115', '保时捷macanS', '保时捷', 'SUV', '棕色', '105', '500', '2019-04-25 10:53:24', '2019-05-22 12:19:10', '0', '未来的安全技术，已用于今天的汽车', '1.4', '后驱', '400', '14L', '四人', null, 'SUV保时捷macanSPorsche棕色个人卖家', null);
INSERT INTO `car` VALUES ('116', '116', '奔驰GLK11', '奔驰', 'SUV', '红色', '500', '320', '2019-04-25 10:54:38', '2019-05-25 03:50:23', '0', '流走的是岁月，沉淀的是经典', '1.4', '后驱', '400', '14L', '四人', null, 'SUV奔驰GLK11Benz红色个人卖家', null);
INSERT INTO `car` VALUES ('140', null, '柯斯达 sw157', '柯斯达', '轿车', '白色', '106', '210', '2019-05-23 06:00:28', '2019-05-23 06:00:28', '0', '历史见证阅过风光无限', '1.4', '后驱', '400', '14L', '四人', null, '轿车柯斯达 sw157柯斯达白色null', '1');
INSERT INTO `car` VALUES ('142', null, '哈佛 H7', '哈佛', 'SUV', '棕色', '107', '240', '2019-05-24 02:11:28', '2019-05-24 02:11:28', '0', '经典需要时间，经典蔑视时间', '1.4', '后驱', '400', '14L', '四人', null, 'SUV哈佛 H7哈佛棕色null', '1');
INSERT INTO `car` VALUES ('144', null, '宝马 120i', '宝马', 'SUV', '红色', '100', '150', '2019-05-24 02:17:18', '2019-05-24 02:17:18', '0', '世界的宠儿，宠儿的宠爱', '1.4', '后驱', '400', '14L', '四人', null, 'SUV宝马 120i宝马红色null', '1');
INSERT INTO `car` VALUES ('145', null, '宝马 X5', '宝马', 'SUV', '黑色', '100', '300', '2019-05-24 02:21:57', '2019-05-24 02:21:57', '0', '经典需要时间，经典蔑视时间', '1.4', '后驱', '400', '14L', '四人', null, 'SUV宝马 X5宝马黑色null', '1');
INSERT INTO `car` VALUES ('146', null, '奔驰 350L', '奔驰', '轿车', '银白色', '107', '500', '2019-05-24 02:24:00', '2019-05-24 02:24:00', '0', '世界的宠儿，宠儿的宠爱', '1.4', '后驱', '400', '14L', '四人', null, '轿车奔驰 350L奔驰银白色null', '1');
INSERT INTO `car` VALUES ('147', null, '雪佛兰 520', '雪佛兰', '跑车', '黄色', '107', '999', '2019-05-24 02:25:58', '2019-05-24 02:25:58', '0', '闪烁疾驰，用尾灯为对手照亮前路', '1.4', '后驱', '400', '14L', '四人', null, '跑车雪佛兰 520雪佛兰黄色null', '1');
INSERT INTO `car` VALUES ('148', null, '奥迪 A8L', '奥迪', '轿车', '黄色', '100', '600', '2019-05-24 02:28:25', '2019-05-24 02:28:25', '0', '世界的宠儿，宠儿的宠爱', '1.4', '后驱', '400', '14L', '四人', null, '轿车奥迪 A8L奥迪黄色null', '1');
INSERT INTO `car` VALUES ('149', null, '玛莎拉蒂 115', '玛莎拉蒂', '跑车', '紫色', '104', '999', '2019-05-24 02:30:01', '2019-05-24 02:30:01', '0', '世界的宠儿，宠儿的宠爱', '1.4', '后驱', '400', '14L', '四人', null, '跑车玛莎拉蒂 115玛莎拉蒂紫色null', '1');
INSERT INTO `car` VALUES ('150', null, '吉普 牧马人', '吉普', 'SUV', '黑色', '108', '500', '2019-05-24 02:31:41', '2019-05-24 02:31:41', '0', '经典需要时间，经典蔑视时间', '1.4', '后驱', '400', '14L', '四人', null, 'SUV吉普 牧马人吉普黑色null', '1');
INSERT INTO `car` VALUES ('151', null, '哈佛 H9', '哈佛', 'SUV', '白色', '104', '500', '2019-05-24 02:33:26', '2019-05-24 02:33:26', '0', '世界的宠儿，宠儿的宠爱', '1.4', '后驱', '400', '14L', '四人', null, 'SUV哈佛 H9哈佛白色null', '1');
INSERT INTO `car` VALUES ('152', null, '奔驰 大G', '奔驰', 'SUV', '白色', '100', '600', '2019-05-24 02:34:42', '2019-05-24 02:34:42', '0', '时间改变一切，你改变时间', '1.4', '后驱', '400', '14L', '四人', null, 'SUV奔驰 大G奔驰白色null', '1');
INSERT INTO `car` VALUES ('153', null, '宝马 X3', '宝马', 'SUV', '棕色', '108', '400', '2019-05-24 02:36:03', '2019-05-24 02:36:03', '0', '世界的宠儿，宠儿的宠爱', '1.4', '后驱', '400', '14L', '四人', null, 'SUV宝马 X3宝马棕色null', '1');
INSERT INTO `car` VALUES ('154', null, '宝马 X1', '宝马', 'SUV', '白色', '104', '300', '2019-05-24 02:37:13', '2019-05-24 02:37:13', '0', '经典需要时间，经典蔑视时间', '1.4', '后驱', '400', '14L', '四人', null, 'SUV宝马 X1宝马白色null', '1');
INSERT INTO `car` VALUES ('155', null, '大众 途观', '大众', 'SUV', '棕色', '100', '500', '2019-05-24 02:38:31', '2019-05-24 02:38:31', '0', '时间改变一切，你改变时间', '1.4', '后驱', '400', '14L', '四人', null, 'SUV大众 途观大众棕色null', '1');
INSERT INTO `car` VALUES ('156', null, '奔驰 GLK 250', '奔驰', 'SUV', '白色', '108', '600', '2019-05-24 02:39:52', '2019-05-24 02:39:52', '0', '经典需要时间，经典蔑视时间', '1.4', '后驱', '400', '14L', '四人', null, 'SUV奔驰 GLK 250奔驰白色null', '1');
INSERT INTO `car` VALUES ('157', null, '别克 旅行者', '别克', 'SUV', '白色', '100', '999', '2019-05-24 02:41:03', '2019-05-24 02:41:03', '0', '时间改变一切，你改变时间', '1.4', '后驱', '400', '14L', '四人', null, 'SUV别克 旅行者别克白色null', '1');
INSERT INTO `car` VALUES ('160', null, '', '1', '', '', '108', null, '2019-05-25 03:51:29', '2019-05-25 03:51:29', '0', '1', null, null, '', null, null, null, '1null', '1');

-- ----------------------------
-- Table structure for file_info
-- ----------------------------
DROP TABLE IF EXISTS `file_info`;
CREATE TABLE `file_info` (
  `id` bigint(20) NOT NULL AUTO_INCREMENT,
  `created_by` varchar(255) CHARACTER SET utf8 COLLATE utf8_general_ci DEFAULT NULL,
  `created_date` datetime DEFAULT NULL,
  `updated_by` varchar(255) CHARACTER SET utf8 COLLATE utf8_general_ci DEFAULT NULL,
  `updated_date` datetime DEFAULT NULL,
  `delete_time` varchar(255) CHARACTER SET utf8 COLLATE utf8_general_ci DEFAULT NULL,
  `file_name` varchar(255) CHARACTER SET utf8 COLLATE utf8_general_ci DEFAULT NULL,
  `file_origin_name` varchar(255) CHARACTER SET utf8 COLLATE utf8_general_ci DEFAULT NULL,
  `file_path` varchar(255) CHARACTER SET utf8 COLLATE utf8_general_ci DEFAULT NULL,
  `file_type` varchar(255) CHARACTER SET utf8 COLLATE utf8_general_ci DEFAULT NULL,
  `is_delete` bit(1) DEFAULT NULL,
  `resource_id` varchar(255) CHARACTER SET utf8 COLLATE utf8_general_ci DEFAULT NULL,
  `size` bigint(20) DEFAULT NULL,
  `upload_time` varchar(255) CHARACTER SET utf8 COLLATE utf8_general_ci DEFAULT NULL,
  `url` varchar(255) CHARACTER SET utf8 COLLATE utf8_general_ci NOT NULL,
  `valid` bit(1) DEFAULT NULL,
  `car_id` bigint(20) DEFAULT NULL,
  PRIMARY KEY (`id`) USING BTREE,
  KEY `FK3h1ea71ovfm9de65vo6vdddmh` (`car_id`) USING BTREE,
  CONSTRAINT `file_info_ibfk_1` FOREIGN KEY (`car_id`) REFERENCES `car` (`id`)
) ENGINE=InnoDB AUTO_INCREMENT=533 DEFAULT CHARSET=utf8 ROW_FORMAT=DYNAMIC;

-- ----------------------------
-- Records of file_info
-- ----------------------------
INSERT INTO `file_info` VALUES ('166', null, '2019-04-25 08:42:24', null, null, null, 'FL_dZCNQZi8IED96DEQa.jpg', '2ab1d950609644485b22f9e9f5fd83dd.jpg@base@tag=imgScale&w=1200&h=800&c=1&m=2&q=88.jpg', 'E:\\Master-branch-secondCar\\JavaDesign\\src\\main\\resources\\static\\img', 'image/jpeg', '\0', null, '154883', '2019-04-25 08:42:24', '../img/FL_dZCNQZi8IED96DEQa.jpg', '', '77');
INSERT INTO `file_info` VALUES ('167', null, '2019-04-25 08:42:24', null, null, null, 'FL_eQ59DXLcCC7gOWa0s.jpg', '62cd6482f75898be6f182b83924d1c9d.jpg@base@tag=imgScale&w=1200&h=800&c=1&m=2&q=88.jpg', 'E:\\Master-branch-secondCar\\JavaDesign\\src\\main\\resources\\static\\img', 'image/jpeg', '\0', null, '133540', '2019-04-25 08:42:24', '../img/FL_eQ59DXLcCC7gOWa0s.jpg', '', '77');
INSERT INTO `file_info` VALUES ('168', null, '2019-04-25 08:42:24', null, null, null, 'FL_bAL71VxGLKbco19j7.jpg', '438fb0119d0e14258a9105da738d46b7.jpg@base@tag=imgScale&w=1200&h=800&c=1&m=2&q=88.jpg', 'E:\\Master-branch-secondCar\\JavaDesign\\src\\main\\resources\\static\\img', 'image/jpeg', '\0', null, '149141', '2019-04-25 08:42:24', '../img/FL_bAL71VxGLKbco19j7.jpg', '', '77');
INSERT INTO `file_info` VALUES ('169', null, '2019-04-25 08:42:24', null, null, null, 'FL_deX9C4sqWih4a8ohm.jpg', 'da69183fb660143eb227503943a85801.jpg@base@tag=imgScale&w=1200&h=800&c=1&m=2&q=88.jpg', 'E:\\Master-branch-secondCar\\JavaDesign\\src\\main\\resources\\static\\img', 'image/jpeg', '\0', null, '151712', '2019-04-25 08:42:24', '../img/FL_deX9C4sqWih4a8ohm.jpg', '', '77');
INSERT INTO `file_info` VALUES ('170', null, '2019-04-25 08:42:24', null, null, null, 'FL_cl7STknXDG55SVkpM.jpg', 'eb6b0cdbb6de97d4e72f9bc5ad316a93.jpg@base@tag=imgScale&w=1200&h=800&c=1&m=2&q=88.jpg', 'E:\\Master-branch-secondCar\\JavaDesign\\src\\main\\resources\\static\\img', 'image/jpeg', '\0', null, '159520', '2019-04-25 08:42:24', '../img/FL_cl7STknXDG55SVkpM.jpg', '', '77');
INSERT INTO `file_info` VALUES ('173', null, '2019-04-25 08:43:30', null, null, null, 'FL_bCYpWk7FwkEhrVkM3.jpg', '665245308654981a6287e71e6434c826.jpg@base@tag=imgScale&w=1200&h=800&c=1&m=2&q=88.jpg', 'E:\\Master-branch-secondCar\\JavaDesign\\src\\main\\resources\\static\\img', 'image/jpeg', '\0', null, '328176', '2019-04-25 08:43:30', '../img/FL_bCYpWk7FwkEhrVkM3.jpg', '', '78');
INSERT INTO `file_info` VALUES ('174', null, '2019-04-25 08:43:30', null, null, null, 'FL_er73YVPYPw8aIpwez.jpg', 'cd42175a0b6eea00f93053be29b5d8e2.jpg@base@tag=imgScale&w=1200&h=800&c=1&m=2&q=88.jpg', 'E:\\Master-branch-secondCar\\JavaDesign\\src\\main\\resources\\static\\img', 'image/jpeg', '\0', null, '357255', '2019-04-25 08:43:30', '../img/FL_er73YVPYPw8aIpwez.jpg', '', '78');
INSERT INTO `file_info` VALUES ('175', null, '2019-04-25 08:43:30', null, null, null, 'FL_cVDAXSg7HPHhsSHuh.jpg', 'd6bf6107daeb1603bd90bf30e604b128.jpg@base@tag=imgScale&w=1200&h=800&c=1&m=2&q=88.jpg', 'E:\\Master-branch-secondCar\\JavaDesign\\src\\main\\resources\\static\\img', 'image/jpeg', '\0', null, '350330', '2019-04-25 08:43:30', '../img/FL_cVDAXSg7HPHhsSHuh.jpg', '', '78');
INSERT INTO `file_info` VALUES ('176', null, '2019-04-25 08:43:30', null, null, null, 'FL_bboL5w7Damr4hy2eJ.jpg', 'ffb23d09937bbfda551200f9b6863c02.jpg@base@tag=imgScale&w=1200&h=800&c=1&m=2&q=88.jpg', 'E:\\Master-branch-secondCar\\JavaDesign\\src\\main\\resources\\static\\img', 'image/jpeg', '\0', null, '290009', '2019-04-25 08:43:30', '../img/FL_bboL5w7Damr4hy2eJ.jpg', '', '78');
INSERT INTO `file_info` VALUES ('184', null, '2019-04-25 08:45:39', null, null, null, 'FL_dNQM8ilIcml6J2JFM.jpg', '57ecacd512691b9090759ee435e875c2.jpg@base@tag=imgScale&w=1200&h=800&c=1&m=2&q=88.jpg', 'E:\\Master-branch-secondCar\\JavaDesign\\src\\main\\resources\\static\\img', 'image/jpeg', '\0', null, '162479', '2019-04-25 08:45:39', '../img/FL_dNQM8ilIcml6J2JFM.jpg', '', '80');
INSERT INTO `file_info` VALUES ('185', null, '2019-04-25 08:45:39', null, null, null, 'FL_clU6fDnz8MJ8cJQB9.jpg', '0676fa1f2ef8383ad505951580195ea5.jpg@base@tag=imgScale&w=1200&h=800&c=1&m=2&q=88.jpg', 'E:\\Master-branch-secondCar\\JavaDesign\\src\\main\\resources\\static\\img', 'image/jpeg', '\0', null, '142767', '2019-04-25 08:45:39', '../img/FL_clU6fDnz8MJ8cJQB9.jpg', '', '80');
INSERT INTO `file_info` VALUES ('186', null, '2019-04-25 08:45:39', null, null, null, 'FL_bhQeo4wBJpe9DZQB6.jpg', '819dce898a8c02283118ff7cef3888c5.jpg@base@tag=imgScale&w=1200&h=800&c=1&m=2&q=88.jpg', 'E:\\Master-branch-secondCar\\JavaDesign\\src\\main\\resources\\static\\img', 'image/jpeg', '\0', null, '139562', '2019-04-25 08:45:39', '../img/FL_bhQeo4wBJpe9DZQB6.jpg', '', '80');
INSERT INTO `file_info` VALUES ('187', null, '2019-04-25 08:45:39', null, null, null, 'FL_e3NaOhThpHCcg6frE.jpg', 'b50bfa8aca1636ec4ec60120ae47c0e2.jpg@base@tag=imgScale&w=1200&h=800&c=1&m=2&q=88.jpg', 'E:\\Master-branch-secondCar\\JavaDesign\\src\\main\\resources\\static\\img', 'image/jpeg', '\0', null, '153012', '2019-04-25 08:45:39', '../img/FL_e3NaOhThpHCcg6frE.jpg', '', '80');
INSERT INTO `file_info` VALUES ('188', null, '2019-04-25 08:45:39', null, null, null, 'FL_b51YNt7cLPW9RIBHa.jpg', 'e9beed861a9eb6814ba63f35462ebc26.jpg@base@tag=imgScale&w=1200&h=800&c=1&m=2&q=88.jpg', 'E:\\Master-branch-secondCar\\JavaDesign\\src\\main\\resources\\static\\img', 'image/jpeg', '\0', null, '164989', '2019-04-25 08:45:39', '../img/FL_b51YNt7cLPW9RIBHa.jpg', '', '80');
INSERT INTO `file_info` VALUES ('189', null, '2019-04-25 08:46:39', null, null, null, 'FL_eIVwDrNKt8G6rjLv0.jpg', '3e573ac8d20863e555b01d897ad1d59d.jpg@base@tag=imgScale&w=1200&h=800&c=1&m=2&q=88.jpg', 'E:\\Master-branch-secondCar\\JavaDesign\\src\\main\\resources\\static\\img', 'image/jpeg', '\0', null, '232685', '2019-04-25 08:46:39', '../img/FL_eIVwDrNKt8G6rjLv0.jpg', '', '81');
INSERT INTO `file_info` VALUES ('190', null, '2019-04-25 08:46:39', null, null, null, 'FL_cqM53nzmJBe7d0LAe.jpg', '69e6184ed73efcca89b66fc98dc51c38.jpg@base@tag=imgScale&w=1200&h=800&c=1&m=2&q=88.jpg', 'E:\\Master-branch-secondCar\\JavaDesign\\src\\main\\resources\\static\\img', 'image/jpeg', '\0', null, '198123', '2019-04-25 08:46:39', '../img/FL_cqM53nzmJBe7d0LAe.jpg', '', '81');
INSERT INTO `file_info` VALUES ('191', null, '2019-04-25 08:46:40', null, null, null, 'FL_fTR1DjJX4n996ZBLq.jpg', '5189cda25698bef5352a8cc1333a4aa4.jpg@base@tag=imgScale&w=1200&h=800&c=1&m=2&q=88.jpg', 'E:\\Master-branch-secondCar\\JavaDesign\\src\\main\\resources\\static\\img', 'image/jpeg', '\0', null, '236566', '2019-04-25 08:46:39', '../img/FL_fTR1DjJX4n996ZBLq.jpg', '', '81');
INSERT INTO `file_info` VALUES ('192', null, '2019-04-25 08:46:40', null, null, null, 'FL_g8BZNsK7GgFhIhblB.jpg', '3461513cf0d0aab83611d355124a6700.jpg@base@tag=imgScale&w=1200&h=800&c=1&m=2&q=88.jpg', 'E:\\Master-branch-secondCar\\JavaDesign\\src\\main\\resources\\static\\img', 'image/jpeg', '\0', null, '267315', '2019-04-25 08:46:39', '../img/FL_g8BZNsK7GgFhIhblB.jpg', '', '81');
INSERT INTO `file_info` VALUES ('193', null, '2019-04-25 08:46:40', null, null, null, 'FL_b9pvoVOFnju4hS0zw.jpg', 'd92ab7bd7c68f98d3052903df1c5fb5d.jpg@base@tag=imgScale&w=1200&h=800&c=1&m=2&q=88.jpg', 'E:\\Master-branch-secondCar\\JavaDesign\\src\\main\\resources\\static\\img', 'image/jpeg', '\0', null, '218349', '2019-04-25 08:46:39', '../img/FL_b9pvoVOFnju4hS0zw.jpg', '', '81');
INSERT INTO `file_info` VALUES ('194', null, '2019-04-25 08:46:40', null, null, null, 'FL_dzeRw3i7vCpjGaUC3.jpg', 'f6422a4c2954f9faf40b3840f7453045.jpg@base@tag=imgScale&w=1200&h=800&c=1&m=2&q=88.jpg', 'E:\\Master-branch-secondCar\\JavaDesign\\src\\main\\resources\\static\\img', 'image/jpeg', '\0', null, '220916', '2019-04-25 08:46:39', '../img/FL_dzeRw3i7vCpjGaUC3.jpg', '', '81');
INSERT INTO `file_info` VALUES ('195', null, '2019-04-25 08:47:41', null, null, null, 'FL_dkZ2qN5J6HG72AQbH.jpg', '0d4bf17c239444199ae2d434db8de029.jpg@base@tag=imgScale&w=1200&h=800&c=1&m=2&q=88.jpg', 'E:\\Master-branch-secondCar\\JavaDesign\\src\\main\\resources\\static\\img', 'image/jpeg', '\0', null, '167379', '2019-04-25 08:47:40', '../img/FL_dkZ2qN5J6HG72AQbH.jpg', '', '82');
INSERT INTO `file_info` VALUES ('196', null, '2019-04-25 08:47:41', null, null, null, 'FL_bBi9bhdgTLR4YyULJ.jpg', '9b19905263fe31d28a2fa19fbf228d12.jpg@base@tag=imgScale&w=1200&h=800&c=1&m=2&q=88.jpg', 'E:\\Master-branch-secondCar\\JavaDesign\\src\\main\\resources\\static\\img', 'image/jpeg', '\0', null, '122202', '2019-04-25 08:47:40', '../img/FL_bBi9bhdgTLR4YyULJ.jpg', '', '82');
INSERT INTO `file_info` VALUES ('197', null, '2019-04-25 08:47:41', null, null, null, 'FL_bovED9USfxf4pwItl.jpg', '58b7a4386b83b028ee4c13c91f5414f6.jpg@base@tag=imgScale&w=1200&h=800&c=1&m=2&q=88.jpg', 'E:\\Master-branch-secondCar\\JavaDesign\\src\\main\\resources\\static\\img', 'image/jpeg', '\0', null, '162842', '2019-04-25 08:47:40', '../img/FL_bovED9USfxf4pwItl.jpg', '', '82');
INSERT INTO `file_info` VALUES ('198', null, '2019-04-25 08:47:41', null, null, null, 'FL_ffK006lEpt8buCR8u.jpg', '996b4a8ae2b7853c5050547449c519dc.jpg@base@tag=imgScale&w=1200&h=800&c=1&m=2&q=88.jpg', 'E:\\Master-branch-secondCar\\JavaDesign\\src\\main\\resources\\static\\img', 'image/jpeg', '\0', null, '157089', '2019-04-25 08:47:40', '../img/FL_ffK006lEpt8buCR8u.jpg', '', '82');
INSERT INTO `file_info` VALUES ('199', null, '2019-04-25 08:47:41', null, null, null, 'FL_dKn5mfxaaPi8mmrsW.jpg', 'ab62953f5c5d581a34529e4cea79caf7.jpg@base@tag=imgScale&w=1200&h=800&c=1&m=2&q=88.jpg', 'E:\\Master-branch-secondCar\\JavaDesign\\src\\main\\resources\\static\\img', 'image/jpeg', '\0', null, '168615', '2019-04-25 08:47:40', '../img/FL_dKn5mfxaaPi8mmrsW.jpg', '', '82');
INSERT INTO `file_info` VALUES ('200', null, '2019-04-25 08:47:41', null, null, null, 'FL_es8B4PjYHXNkoRLli.jpg', 'c1fedf6450a9b620c7a6f9a76402f57c.jpg@base@tag=imgScale&w=1200&h=800&c=1&m=2&q=88.jpg', 'E:\\Master-branch-secondCar\\JavaDesign\\src\\main\\resources\\static\\img', 'image/jpeg', '\0', null, '147080', '2019-04-25 08:47:40', '../img/FL_es8B4PjYHXNkoRLli.jpg', '', '82');
INSERT INTO `file_info` VALUES ('202', null, '2019-04-25 08:49:16', null, null, null, 'FL_cvhJ43pCPlk4lv8AQ.jpg', '9f26d7cdf66c8ff71d133e21970f4382.jpg@base@tag=imgScale&w=1200&h=800&c=1&m=2&q=88.jpg', 'E:\\Master-branch-secondCar\\JavaDesign\\src\\main\\resources\\static\\img', 'image/jpeg', '\0', null, '120596', '2019-04-25 08:49:15', '../img/FL_cvhJ43pCPlk4lv8AQ.jpg', '', '83');
INSERT INTO `file_info` VALUES ('203', null, '2019-04-25 08:49:16', null, null, null, 'FL_d0mE1szEyELfMiyP7.jpg', '881b9a708a66221991baa3cf754d8443.jpg@base@tag=imgScale&w=1200&h=800&c=1&m=2&q=88.jpg', 'E:\\Master-branch-secondCar\\JavaDesign\\src\\main\\resources\\static\\img', 'image/jpeg', '\0', null, '155728', '2019-04-25 08:49:15', '../img/FL_d0mE1szEyELfMiyP7.jpg', '', '83');
INSERT INTO `file_info` VALUES ('204', null, '2019-04-25 08:49:16', null, null, null, 'FL_dr0t5NM9WVOetoDUm.jpg', 'b1fe8958c141fe6ad082fbe12fee7ee1.jpg@base@tag=imgScale&w=1200&h=800&c=1&m=2&q=88.jpg', 'E:\\Master-branch-secondCar\\JavaDesign\\src\\main\\resources\\static\\img', 'image/jpeg', '\0', null, '121369', '2019-04-25 08:49:15', '../img/FL_dr0t5NM9WVOetoDUm.jpg', '', '83');
INSERT INTO `file_info` VALUES ('205', null, '2019-04-25 08:49:16', null, null, null, 'FL_bnOfenAc7LD5CBsFy.jpg', 'b598be46b4687971d875768d7005d4b1.jpg@base@tag=imgScale&w=1200&h=800&c=1&m=2&q=88.jpg', 'E:\\Master-branch-secondCar\\JavaDesign\\src\\main\\resources\\static\\img', 'image/jpeg', '\0', null, '135790', '2019-04-25 08:49:15', '../img/FL_bnOfenAc7LD5CBsFy.jpg', '', '83');
INSERT INTO `file_info` VALUES ('206', null, '2019-04-25 08:49:16', null, null, null, 'FL_dWdqu8eZsTM9cZHDu.jpg', 'e8e0d37150fe1f0544a450b7c8cd6200.jpg@base@tag=imgScale&w=1200&h=800&c=1&m=2&q=88.jpg', 'E:\\Master-branch-secondCar\\JavaDesign\\src\\main\\resources\\static\\img', 'image/jpeg', '\0', null, '134489', '2019-04-25 08:49:15', '../img/FL_dWdqu8eZsTM9cZHDu.jpg', '', '83');
INSERT INTO `file_info` VALUES ('208', null, '2019-04-25 08:51:25', null, null, null, 'FL_bs42EPFch6jk16fkD.jpg', '9cf9beeb5ea95a89a7e68050876238e5.jpg@base@tag=imgScale&w=1200&h=800&c=1&m=2&q=88.jpg', 'E:\\Master-branch-secondCar\\JavaDesign\\src\\main\\resources\\static\\img', 'image/jpeg', '\0', null, '244328', '2019-04-25 08:51:25', '../img/FL_bs42EPFch6jk16fkD.jpg', '', '84');
INSERT INTO `file_info` VALUES ('209', null, '2019-04-25 08:51:25', null, null, null, 'FL_eDQcyM7Dhe32Zanf5.jpg', '28c8fce5dedf726efa42cb0fcd6c423e.jpg@base@tag=imgScale&w=1200&h=800&c=1&m=2&q=88.jpg', 'E:\\Master-branch-secondCar\\JavaDesign\\src\\main\\resources\\static\\img', 'image/jpeg', '\0', null, '280668', '2019-04-25 08:51:25', '../img/FL_eDQcyM7Dhe32Zanf5.jpg', '', '84');
INSERT INTO `file_info` VALUES ('210', null, '2019-04-25 08:51:25', null, null, null, 'FL_eavLdIdA1QY6ZhBim.jpg', '41b2712424f5383a53180084af2ddc68.jpg@base@tag=imgScale&w=1200&h=800&c=1&m=2&q=88.jpg', 'E:\\Master-branch-secondCar\\JavaDesign\\src\\main\\resources\\static\\img', 'image/jpeg', '\0', null, '266031', '2019-04-25 08:51:25', '../img/FL_eavLdIdA1QY6ZhBim.jpg', '', '84');
INSERT INTO `file_info` VALUES ('211', null, '2019-04-25 08:51:25', null, null, null, 'FL_cdQbafSUteYlO3782.jpg', '62825fcc36be8bc8cca226d2ddc00350.jpg@base@tag=imgScale&w=1200&h=800&c=1&m=2&q=88.jpg', 'E:\\Master-branch-secondCar\\JavaDesign\\src\\main\\resources\\static\\img', 'image/jpeg', '\0', null, '267973', '2019-04-25 08:51:25', '../img/FL_cdQbafSUteYlO3782.jpg', '', '84');
INSERT INTO `file_info` VALUES ('212', null, '2019-04-25 08:51:25', null, null, null, 'FL_edkp45aVycXh3pSC5.jpg', 'c373a18de0aba90daf431adcd1b5a562.jpg@base@tag=imgScale&w=1200&h=800&c=1&m=2&q=88.jpg', 'E:\\Master-branch-secondCar\\JavaDesign\\src\\main\\resources\\static\\img', 'image/jpeg', '\0', null, '264811', '2019-04-25 08:51:25', '../img/FL_edkp45aVycXh3pSC5.jpg', '', '84');
INSERT INTO `file_info` VALUES ('213', null, '2019-04-25 08:53:11', null, null, null, 'FL_bcFP3ygvbTQelBU28.jpg', '0b4fc36a6974b63ce16c5fb9fafe6449.jpg@base@tag=imgScale&w=1200&h=800&c=1&m=2&q=88.jpg', 'E:\\Master-branch-secondCar\\JavaDesign\\src\\main\\resources\\static\\img', 'image/jpeg', '\0', null, '170698', '2019-04-25 08:53:10', '../img/FL_bcFP3ygvbTQelBU28.jpg', '', '85');
INSERT INTO `file_info` VALUES ('214', null, '2019-04-25 08:53:11', null, null, null, 'FL_dAxwTRpI58A26tZJC.jpg', '04cbbe01dcbc796859e45185bef5c8bb.jpg@base@tag=imgScale&w=1200&h=800&c=1&m=2&q=88.jpg', 'E:\\Master-branch-secondCar\\JavaDesign\\src\\main\\resources\\static\\img', 'image/jpeg', '\0', null, '147910', '2019-04-25 08:53:10', '../img/FL_dAxwTRpI58A26tZJC.jpg', '', '85');
INSERT INTO `file_info` VALUES ('215', null, '2019-04-25 08:53:11', null, null, null, 'FL_dC6t8QxrYwRfznGjF.jpg', '20bdbf8988bd47c86b21311eb2658600.jpg@base@tag=imgScale&w=1200&h=800&c=1&m=2&q=88.jpg', 'E:\\Master-branch-secondCar\\JavaDesign\\src\\main\\resources\\static\\img', 'image/jpeg', '\0', null, '161531', '2019-04-25 08:53:10', '../img/FL_dC6t8QxrYwRfznGjF.jpg', '', '85');
INSERT INTO `file_info` VALUES ('216', null, '2019-04-25 08:53:11', null, null, null, 'FL_ee9Eny69LtsglO5Bo.jpg', '0638953d12a167dbe70a4286e4153fc5.jpg@base@tag=imgScale&w=1200&h=800&c=1&m=2&q=88.jpg', 'E:\\Master-branch-secondCar\\JavaDesign\\src\\main\\resources\\static\\img', 'image/jpeg', '\0', null, '169589', '2019-04-25 08:53:10', '../img/FL_ee9Eny69LtsglO5Bo.jpg', '', '85');
INSERT INTO `file_info` VALUES ('217', null, '2019-04-25 08:53:11', null, null, null, 'FL_c0oUQtMjKhCittE9Z.jpg', 'c8195b1cbbd417dbeddb13beffe09946.jpg@base@tag=imgScale&w=1200&h=800&c=1&m=2&q=88.jpg', 'E:\\Master-branch-secondCar\\JavaDesign\\src\\main\\resources\\static\\img', 'image/jpeg', '\0', null, '130087', '2019-04-25 08:53:10', '../img/FL_c0oUQtMjKhCittE9Z.jpg', '', '85');
INSERT INTO `file_info` VALUES ('218', null, '2019-04-25 08:53:11', null, null, null, 'FL_cBcu9SSfbKb6mkpuR.jpg', 'df295ff8363e33633cd3e2e6b372eda2.jpg@base@tag=imgScale&w=1200&h=800&c=1&m=2&q=88.jpg', 'E:\\Master-branch-secondCar\\JavaDesign\\src\\main\\resources\\static\\img', 'image/jpeg', '\0', null, '135541', '2019-04-25 08:53:10', '../img/FL_cBcu9SSfbKb6mkpuR.jpg', '', '85');
INSERT INTO `file_info` VALUES ('219', null, '2019-04-25 09:05:57', null, null, null, 'FL_ffadDcclk6vjWgbfi.jpg', '5f9c5b39feb05ae6b313785fcc5dc904.jpg@base@tag=imgScale&w=1200&h=800&c=1&m=2&q=88.jpg', 'E:\\Master-branch-secondCar\\JavaDesign\\src\\main\\resources\\static\\img', 'image/jpeg', '\0', null, '171040', '2019-04-25 09:05:57', '../img/FL_ffadDcclk6vjWgbfi.jpg', '', '86');
INSERT INTO `file_info` VALUES ('220', null, '2019-04-25 09:05:57', null, null, null, 'FL_bF8nVUSEIWg5BZD4U.jpg', '8dbe05a9cc55e0b0bdcdbc729cf0fac6.jpg@base@tag=imgScale&w=1200&h=800&c=1&m=2&q=88.jpg', 'E:\\Master-branch-secondCar\\JavaDesign\\src\\main\\resources\\static\\img', 'image/jpeg', '\0', null, '124860', '2019-04-25 09:05:57', '../img/FL_bF8nVUSEIWg5BZD4U.jpg', '', '86');
INSERT INTO `file_info` VALUES ('221', null, '2019-04-25 09:05:57', null, null, null, 'FL_bCDvDG59nXYgcJ9D4.jpg', 'b7aad3550d2e3edc21005072dafc2276.jpg@base@tag=imgScale&w=1200&h=800&c=1&m=2&q=88.jpg', 'E:\\Master-branch-secondCar\\JavaDesign\\src\\main\\resources\\static\\img', 'image/jpeg', '\0', null, '164791', '2019-04-25 09:05:57', '../img/FL_bCDvDG59nXYgcJ9D4.jpg', '', '86');
INSERT INTO `file_info` VALUES ('222', null, '2019-04-25 09:05:57', null, null, null, 'FL_eztAET8i5410mUHFG.jpg', 'b638a8278b7dbaffe69c53697af7ea34.jpg@base@tag=imgScale&w=1200&h=800&c=1&m=2&q=88.jpg', 'E:\\Master-branch-secondCar\\JavaDesign\\src\\main\\resources\\static\\img', 'image/jpeg', '\0', null, '106236', '2019-04-25 09:05:57', '../img/FL_eztAET8i5410mUHFG.jpg', '', '86');
INSERT INTO `file_info` VALUES ('223', null, '2019-04-25 09:05:57', null, null, null, 'FL_ejKt5rFPBK74IDmpt.jpg', 'cd7f5e89ed4bec7026cf2127438a9bcf.jpg@base@tag=imgScale&w=1200&h=800&c=1&m=2&q=88.jpg', 'E:\\Master-branch-secondCar\\JavaDesign\\src\\main\\resources\\static\\img', 'image/jpeg', '\0', null, '106367', '2019-04-25 09:05:57', '../img/FL_ejKt5rFPBK74IDmpt.jpg', '', '86');
INSERT INTO `file_info` VALUES ('224', null, '2019-04-25 09:05:57', null, null, null, 'FL_ffRa0iOWFOA267DEy.jpg', 'e3a5388da801c9efb330ed0b816e2824.jpg@base@tag=imgScale&w=1200&h=800&c=1&m=2&q=88.jpg', 'E:\\Master-branch-secondCar\\JavaDesign\\src\\main\\resources\\static\\img', 'image/jpeg', '\0', null, '159543', '2019-04-25 09:05:57', '../img/FL_ffRa0iOWFOA267DEy.jpg', '', '86');
INSERT INTO `file_info` VALUES ('225', null, '2019-04-25 09:08:21', null, null, null, 'FL_cNOnpZjOgNUe49c3g.jpg', '1fd227838909088ded8cb9ef3e295445.jpg@base@tag=imgScale&w=1200&h=800&c=1&m=2&q=88.jpg', 'E:\\Master-branch-secondCar\\JavaDesign\\src\\main\\resources\\static\\img', 'image/jpeg', '\0', null, '148307', '2019-04-25 09:08:20', '../img/FL_cNOnpZjOgNUe49c3g.jpg', '', '87');
INSERT INTO `file_info` VALUES ('226', null, '2019-04-25 09:08:21', null, null, null, 'FL_dAolUuIbv8q7D6UST.jpg', '9bf4da0b5a8c8825e90ce9a7137655bb.jpg@base@tag=imgScale&w=1200&h=800&c=1&m=2&q=88.jpg', 'E:\\Master-branch-secondCar\\JavaDesign\\src\\main\\resources\\static\\img', 'image/jpeg', '\0', null, '146106', '2019-04-25 09:08:20', '../img/FL_dAolUuIbv8q7D6UST.jpg', '', '87');
INSERT INTO `file_info` VALUES ('227', null, '2019-04-25 09:08:21', null, null, null, 'FL_c6cy0YGxrIY3iu12T.jpg', 'aa46c1d67f7158f10d2a5345fd01d970.jpg@base@tag=imgScale&w=1200&h=800&c=1&m=2&q=88.jpg', 'E:\\Master-branch-secondCar\\JavaDesign\\src\\main\\resources\\static\\img', 'image/jpeg', '\0', null, '143440', '2019-04-25 09:08:20', '../img/FL_c6cy0YGxrIY3iu12T.jpg', '', '87');
INSERT INTO `file_info` VALUES ('228', null, '2019-04-25 09:08:21', null, null, null, 'FL_bDixpV2BKvl9Mai1M.jpg', 'b6c69768f3571706f911590c979748ec.jpg@base@tag=imgScale&w=1200&h=800&c=1&m=2&q=88.jpg', 'E:\\Master-branch-secondCar\\JavaDesign\\src\\main\\resources\\static\\img', 'image/jpeg', '\0', null, '131849', '2019-04-25 09:08:20', '../img/FL_bDixpV2BKvl9Mai1M.jpg', '', '87');
INSERT INTO `file_info` VALUES ('229', null, '2019-04-25 09:08:21', null, null, null, 'FL_eaZkIA4I3BKlIdrgg.jpg', 'cf7b5b053499e09945041b23d32c9742.jpg@base@tag=imgScale&w=1200&h=800&c=1&m=2&q=88.jpg', 'E:\\Master-branch-secondCar\\JavaDesign\\src\\main\\resources\\static\\img', 'image/jpeg', '\0', null, '131269', '2019-04-25 09:08:20', '../img/FL_eaZkIA4I3BKlIdrgg.jpg', '', '87');
INSERT INTO `file_info` VALUES ('230', null, '2019-04-25 09:08:21', null, null, null, 'FL_ceYZcuUNdtc31dtoN.jpg', 'e30812b8862d1e7aa1c4cb9e3d80ecf0.jpg@base@tag=imgScale&w=1200&h=800&c=1&m=2&q=88.jpg', 'E:\\Master-branch-secondCar\\JavaDesign\\src\\main\\resources\\static\\img', 'image/jpeg', '\0', null, '141261', '2019-04-25 09:08:20', '../img/FL_ceYZcuUNdtc31dtoN.jpg', '', '87');
INSERT INTO `file_info` VALUES ('232', null, '2019-04-25 09:09:22', null, null, null, 'FL_cOlayQ3YcaX5dkoRt.jpg', '87fb6ef0d5ee42e1c0f080109f9f0450.jpg@base@tag=imgScale&w=1200&h=800&c=1&m=2&q=88.jpg', 'E:\\Master-branch-secondCar\\JavaDesign\\src\\main\\resources\\static\\img', 'image/jpeg', '\0', null, '148570', '2019-04-25 09:09:22', '../img/FL_cOlayQ3YcaX5dkoRt.jpg', '', '88');
INSERT INTO `file_info` VALUES ('233', null, '2019-04-25 09:09:22', null, null, null, 'FL_dP5qtN6DzpE8K2zt6.jpg', '591f33e8df9fe08cc094301881bfa710.jpg@base@tag=imgScale&w=1200&h=800&c=1&m=2&q=88.jpg', 'E:\\Master-branch-secondCar\\JavaDesign\\src\\main\\resources\\static\\img', 'image/jpeg', '\0', null, '162089', '2019-04-25 09:09:22', '../img/FL_dP5qtN6DzpE8K2zt6.jpg', '', '88');
INSERT INTO `file_info` VALUES ('234', null, '2019-04-25 09:09:22', null, null, null, 'FL_eUpSroJwsZy5oEoz5.jpg', '775c2b0f2a2d54c83b6a754754625728.jpg@base@tag=imgScale&w=1200&h=800&c=1&m=2&q=88.jpg', 'E:\\Master-branch-secondCar\\JavaDesign\\src\\main\\resources\\static\\img', 'image/jpeg', '\0', null, '151130', '2019-04-25 09:09:22', '../img/FL_eUpSroJwsZy5oEoz5.jpg', '', '88');
INSERT INTO `file_info` VALUES ('235', null, '2019-04-25 09:09:22', null, null, null, 'FL_fATM2kzelAwfZa8FZ.jpg', '4569b158c403be6422033c6b543238bd.jpg@base@tag=imgScale&w=1200&h=800&c=1&m=2&q=88.jpg', 'E:\\Master-branch-secondCar\\JavaDesign\\src\\main\\resources\\static\\img', 'image/jpeg', '\0', null, '171093', '2019-04-25 09:09:22', '../img/FL_fATM2kzelAwfZa8FZ.jpg', '', '88');
INSERT INTO `file_info` VALUES ('236', null, '2019-04-25 09:09:22', null, null, null, 'FL_ekDnLlEWLU34Nm71y.jpg', 'e9c6c402e118571b45c244f340c14600.jpg@base@tag=imgScale&w=1200&h=800&c=1&m=2&q=88.jpg', 'E:\\Master-branch-secondCar\\JavaDesign\\src\\main\\resources\\static\\img', 'image/jpeg', '\0', null, '166867', '2019-04-25 09:09:22', '../img/FL_ekDnLlEWLU34Nm71y.jpg', '', '88');
INSERT INTO `file_info` VALUES ('238', null, '2019-04-25 09:12:19', null, null, null, 'FL_ebYsgM72k6k5mgOW4.jpg', '3f46f5770785c871798261015bb49187.jpg@base@tag=imgScale&w=1200&h=800&c=1&m=2&q=88.jpg', 'E:\\Master-branch-secondCar\\JavaDesign\\src\\main\\resources\\static\\img', 'image/jpeg', '\0', null, '167193', '2019-04-25 09:12:19', '../img/FL_ebYsgM72k6k5mgOW4.jpg', '', '89');
INSERT INTO `file_info` VALUES ('239', null, '2019-04-25 09:12:19', null, null, null, 'FL_bLm9kfj8IgEbPEnI6.jpg', '9bfb0bbcfa049f1abdf5911a7fd2ac3d.jpg@base@tag=imgScale&w=1200&h=800&c=1&m=2&q=88.jpg', 'E:\\Master-branch-secondCar\\JavaDesign\\src\\main\\resources\\static\\img', 'image/jpeg', '\0', null, '156633', '2019-04-25 09:12:19', '../img/FL_bLm9kfj8IgEbPEnI6.jpg', '', '89');
INSERT INTO `file_info` VALUES ('240', null, '2019-04-25 09:12:19', null, null, null, 'FL_fNKhbqvyJvBgYMCtT.jpg', '9d2bfac6400ec27a5f5ad6df5341c43d.jpg@base@tag=imgScale&w=1200&h=800&c=1&m=2&q=88.jpg', 'E:\\Master-branch-secondCar\\JavaDesign\\src\\main\\resources\\static\\img', 'image/jpeg', '\0', null, '160920', '2019-04-25 09:12:19', '../img/FL_fNKhbqvyJvBgYMCtT.jpg', '', '89');
INSERT INTO `file_info` VALUES ('241', null, '2019-04-25 09:12:19', null, null, null, 'FL_eDB7o8t8Z6Z9SApsr.jpg', '4718e440cce9ce3c1da2159ebd2d007f.jpg@base@tag=imgScale&w=1200&h=800&c=1&m=2&q=88.jpg', 'E:\\Master-branch-secondCar\\JavaDesign\\src\\main\\resources\\static\\img', 'image/jpeg', '\0', null, '167886', '2019-04-25 09:12:19', '../img/FL_eDB7o8t8Z6Z9SApsr.jpg', '', '89');
INSERT INTO `file_info` VALUES ('242', null, '2019-04-25 09:12:19', null, null, null, 'FL_bRUBAnSEJgS361F0Y.jpg', '9067d3d3ed98781b763922b0cded6156.jpg@base@tag=imgScale&w=1200&h=800&c=1&m=2&q=88.jpg', 'E:\\Master-branch-secondCar\\JavaDesign\\src\\main\\resources\\static\\img', 'image/jpeg', '\0', null, '174985', '2019-04-25 09:12:19', '../img/FL_bRUBAnSEJgS361F0Y.jpg', '', '89');
INSERT INTO `file_info` VALUES ('244', null, '2019-04-25 09:15:22', null, null, null, 'FL_bqRp29weFUYhl8bIN.jpg', '71d1e6016d86649213ac7ebbd2279000.jpg@base@tag=imgScale&w=1200&h=800&c=1&m=2&q=88.jpg', 'E:\\Master-branch-secondCar\\JavaDesign\\src\\main\\resources\\static\\img', 'image/jpeg', '\0', null, '270702', '2019-04-25 09:15:21', '../img/FL_bqRp29weFUYhl8bIN.jpg', '', '90');
INSERT INTO `file_info` VALUES ('245', null, '2019-04-25 09:15:22', null, null, null, 'FL_bckaJYjFYKAkTvwjH.jpg', 'b7bdcd77f7803ee6cce35332900dce79.jpg@base@tag=imgScale&w=1200&h=800&c=1&m=2&q=88.jpg', 'E:\\Master-branch-secondCar\\JavaDesign\\src\\main\\resources\\static\\img', 'image/jpeg', '\0', null, '261095', '2019-04-25 09:15:21', '../img/FL_bckaJYjFYKAkTvwjH.jpg', '', '90');
INSERT INTO `file_info` VALUES ('246', null, '2019-04-25 09:15:22', null, null, null, 'FL_fFn7ZgRZsOG7gqeOz.jpg', 'c97da6d0da20dea14d6b4bf39fb85355.jpg@base@tag=imgScale&w=1200&h=800&c=1&m=2&q=88.jpg', 'E:\\Master-branch-secondCar\\JavaDesign\\src\\main\\resources\\static\\img', 'image/jpeg', '\0', null, '253316', '2019-04-25 09:15:21', '../img/FL_fFn7ZgRZsOG7gqeOz.jpg', '', '90');
INSERT INTO `file_info` VALUES ('247', null, '2019-04-25 09:15:22', null, null, null, 'FL_eZEIB8M0jRf3VmJlb.jpg', 'c8366309e2e0f20c1a8c6e114c6471e8.jpg@base@tag=imgScale&w=1200&h=800&c=1&m=2&q=88.jpg', 'E:\\Master-branch-secondCar\\JavaDesign\\src\\main\\resources\\static\\img', 'image/jpeg', '\0', null, '271863', '2019-04-25 09:15:21', '../img/FL_eZEIB8M0jRf3VmJlb.jpg', '', '90');
INSERT INTO `file_info` VALUES ('248', null, '2019-04-25 09:15:22', null, null, null, 'FL_gez87Yx7Iph4zj0mJ.jpg', 'fc5161cd46b99240f3a3e9bcc9934eaf.jpg@base@tag=imgScale&w=1200&h=800&c=1&m=2&q=88.jpg', 'E:\\Master-branch-secondCar\\JavaDesign\\src\\main\\resources\\static\\img', 'image/jpeg', '\0', null, '305094', '2019-04-25 09:15:21', '../img/FL_gez87Yx7Iph4zj0mJ.jpg', '', '90');
INSERT INTO `file_info` VALUES ('249', null, '2019-04-25 09:21:38', null, null, null, 'FL_eoymMigyZGh15arHq.jpg', '7f6457688bb346da15ff9aaf1326777f.jpg@base@tag=imgScale&w=1200&h=800&c=1&m=2&q=88.jpg', 'E:\\Master-branch-secondCar\\JavaDesign\\src\\main\\resources\\static\\img', 'image/jpeg', '\0', null, '268471', '2019-04-25 09:21:37', '../img/FL_eoymMigyZGh15arHq.jpg', '', '91');
INSERT INTO `file_info` VALUES ('250', null, '2019-04-25 09:21:38', null, null, null, 'FL_cfOAoXDl74Uaj6u2N.jpg', '8af47ae00382dec417221ec859434e7c.jpg@base@tag=imgScale&w=1200&h=800&c=1&m=2&q=88.jpg', 'E:\\Master-branch-secondCar\\JavaDesign\\src\\main\\resources\\static\\img', 'image/jpeg', '\0', null, '277527', '2019-04-25 09:21:37', '../img/FL_cfOAoXDl74Uaj6u2N.jpg', '', '91');
INSERT INTO `file_info` VALUES ('251', null, '2019-04-25 09:21:38', null, null, null, 'FL_c6RL5g7vcNzlljhEP.jpg', 'b2252596ab79446d3ad6596e82f8c51f.jpg@base@tag=imgScale&w=1200&h=800&c=1&m=2&q=88.jpg', 'E:\\Master-branch-secondCar\\JavaDesign\\src\\main\\resources\\static\\img', 'image/jpeg', '\0', null, '321515', '2019-04-25 09:21:37', '../img/FL_c6RL5g7vcNzlljhEP.jpg', '', '91');
INSERT INTO `file_info` VALUES ('252', null, '2019-04-25 09:21:38', null, null, null, 'FL_eY2YiAHq2S95Wdx1H.jpg', 'df7fe9e79aa09ee85cc5bfc7c24d0f23.jpg@base@tag=imgScale&w=1200&h=800&c=1&m=2&q=88.jpg', 'E:\\Master-branch-secondCar\\JavaDesign\\src\\main\\resources\\static\\img', 'image/jpeg', '\0', null, '296477', '2019-04-25 09:21:37', '../img/FL_eY2YiAHq2S95Wdx1H.jpg', '', '91');
INSERT INTO `file_info` VALUES ('253', null, '2019-04-25 09:21:38', null, null, null, 'FL_cga5Tddqntuj03jnL.jpg', 'e5e2a06d0d0036af5f0a6917ec7d2556.jpg@base@tag=imgScale&w=1200&h=800&c=1&m=2&q=88.jpg', 'E:\\Master-branch-secondCar\\JavaDesign\\src\\main\\resources\\static\\img', 'image/jpeg', '\0', null, '300473', '2019-04-25 09:21:37', '../img/FL_cga5Tddqntuj03jnL.jpg', '', '91');
INSERT INTO `file_info` VALUES ('254', null, '2019-04-25 09:21:38', null, null, null, 'FL_doxV9Rvyj3qjcll31.jpg', 'ea82c637c5b88cebe6631ae96682cb7c.jpg@base@tag=imgScale&w=1200&h=800&c=1&m=2&q=88.jpg', 'E:\\Master-branch-secondCar\\JavaDesign\\src\\main\\resources\\static\\img', 'image/jpeg', '\0', null, '283865', '2019-04-25 09:21:37', '../img/FL_doxV9Rvyj3qjcll31.jpg', '', '91');
INSERT INTO `file_info` VALUES ('256', null, '2019-04-25 09:22:39', null, null, null, 'FL_dEw15qFjvOy3WN5eP.jpg', '18b4a2bd2a97bdc30938c482ff7201cd.jpg@base@tag=imgScale&w=1200&h=800&c=1&m=2&q=88.jpg', 'E:\\Master-branch-secondCar\\JavaDesign\\src\\main\\resources\\static\\img', 'image/jpeg', '\0', null, '222311', '2019-04-25 09:22:39', '../img/FL_dEw15qFjvOy3WN5eP.jpg', '', '92');
INSERT INTO `file_info` VALUES ('257', null, '2019-04-25 09:22:39', null, null, null, 'FL_cFJN6tai5xmiEAjmT.jpg', '082e5a5badc061f92abb6b888168fa8d.jpg@base@tag=imgScale&w=1200&h=800&c=1&m=2&q=88.jpg', 'E:\\Master-branch-secondCar\\JavaDesign\\src\\main\\resources\\static\\img', 'image/jpeg', '\0', null, '267673', '2019-04-25 09:22:39', '../img/FL_cFJN6tai5xmiEAjmT.jpg', '', '92');
INSERT INTO `file_info` VALUES ('258', null, '2019-04-25 09:22:39', null, null, null, 'FL_ezYlFkMBtoDi6xBct.jpg', '380726458e9ff2b5d7ee10979b485ec0.jpg@base@tag=imgScale&w=1200&h=800&c=1&m=2&q=88.jpg', 'E:\\Master-branch-secondCar\\JavaDesign\\src\\main\\resources\\static\\img', 'image/jpeg', '\0', null, '296310', '2019-04-25 09:22:39', '../img/FL_ezYlFkMBtoDi6xBct.jpg', '', '92');
INSERT INTO `file_info` VALUES ('259', null, '2019-04-25 09:22:39', null, null, null, 'FL_e0ub9TUWaBV4EOqhE.jpg', 'e438177a87e939c946fad0f5703eaf35.jpg@base@tag=imgScale&w=1200&h=800&c=1&m=2&q=88.jpg', 'E:\\Master-branch-secondCar\\JavaDesign\\src\\main\\resources\\static\\img', 'image/jpeg', '\0', null, '268636', '2019-04-25 09:22:39', '../img/FL_e0ub9TUWaBV4EOqhE.jpg', '', '92');
INSERT INTO `file_info` VALUES ('260', null, '2019-04-25 09:22:39', null, null, null, 'FL_cpvMUmVqJ2l5zB4M0.jpg', 'ecc8740a75711004dfcdc940e0ba190b.jpg@base@tag=imgScale&w=1200&h=800&c=1&m=2&q=88.jpg', 'E:\\Master-branch-secondCar\\JavaDesign\\src\\main\\resources\\static\\img', 'image/jpeg', '\0', null, '252887', '2019-04-25 09:22:39', '../img/FL_cpvMUmVqJ2l5zB4M0.jpg', '', '92');
INSERT INTO `file_info` VALUES ('262', null, '2019-04-25 09:25:58', null, null, null, 'FL_fnldnk823ru58D8rS.jpg', '9a118688-021905s3lp.jpg', 'E:\\Master-branch-secondCar\\JavaDesign\\src\\main\\resources\\static\\img', 'image/jpeg', '\0', null, '123375', '2019-04-25 09:25:58', '../img/FL_fnldnk823ru58D8rS.jpg', '', '93');
INSERT INTO `file_info` VALUES ('263', null, '2019-04-25 09:25:58', null, null, null, 'FL_gjUBPYVQRqHlmDle9.jpg', '72e7f969-021905s3pq.jpg', 'E:\\Master-branch-secondCar\\JavaDesign\\src\\main\\resources\\static\\img', 'image/jpeg', '\0', null, '105170', '2019-04-25 09:25:58', '../img/FL_gjUBPYVQRqHlmDle9.jpg', '', '93');
INSERT INTO `file_info` VALUES ('264', null, '2019-04-25 09:25:58', null, null, null, 'FL_fcYVqYqVJdrgelzZu.jpg', 'ddf87a4f-021905s3r6.jpg', 'E:\\Master-branch-secondCar\\JavaDesign\\src\\main\\resources\\static\\img', 'image/jpeg', '\0', null, '122864', '2019-04-25 09:25:58', '../img/FL_fcYVqYqVJdrgelzZu.jpg', '', '93');
INSERT INTO `file_info` VALUES ('265', null, '2019-04-25 09:25:58', null, null, null, 'FL_dtRH9rVU8Aj8wy9o8.jpg', 'f7aa0592-021905s3ma.jpg', 'E:\\Master-branch-secondCar\\JavaDesign\\src\\main\\resources\\static\\img', 'image/jpeg', '\0', null, '127263', '2019-04-25 09:25:58', '../img/FL_dtRH9rVU8Aj8wy9o8.jpg', '', '93');
INSERT INTO `file_info` VALUES ('266', null, '2019-04-25 09:25:58', null, null, null, 'FL_bT6um4rBgN70yfSJ9.jpg', 'fa4bf9b2-021905s3my.jpg', 'E:\\Master-branch-secondCar\\JavaDesign\\src\\main\\resources\\static\\img', 'image/jpeg', '\0', null, '136687', '2019-04-25 09:25:58', '../img/FL_bT6um4rBgN70yfSJ9.jpg', '', '93');
INSERT INTO `file_info` VALUES ('269', null, '2019-04-25 09:27:16', null, null, null, 'FL_dmrNo8kKbn29xiB44.jpg', '40602c3d-021906ic4w.jpg', 'E:\\Master-branch-secondCar\\JavaDesign\\src\\main\\resources\\static\\img', 'image/jpeg', '\0', null, '183017', '2019-04-25 09:27:15', '../img/FL_dmrNo8kKbn29xiB44.jpg', '', '94');
INSERT INTO `file_info` VALUES ('270', null, '2019-04-25 09:27:16', null, null, null, 'FL_eUbEqvmF1Gi3OXw10.jpg', 'ef11d831-021906ic50.jpg', 'E:\\Master-branch-secondCar\\JavaDesign\\src\\main\\resources\\static\\img', 'image/jpeg', '\0', null, '151711', '2019-04-25 09:27:15', '../img/FL_eUbEqvmF1Gi3OXw10.jpg', '', '94');
INSERT INTO `file_info` VALUES ('271', null, '2019-04-25 09:27:16', null, null, null, 'FL_cdEc7n0g1mveAJDuq.jpg', 'f0d74edc-021906ic59.jpg', 'E:\\Master-branch-secondCar\\JavaDesign\\src\\main\\resources\\static\\img', 'image/jpeg', '\0', null, '133892', '2019-04-25 09:27:15', '../img/FL_cdEc7n0g1mveAJDuq.jpg', '', '94');
INSERT INTO `file_info` VALUES ('274', null, '2019-04-25 09:28:26', null, null, null, 'FL_bPA9ymp84RMeFRUJq.jpg', '293ed8c8-021906psgv.jpg', 'E:\\Master-branch-secondCar\\JavaDesign\\src\\main\\resources\\static\\img', 'image/jpeg', '\0', null, '102531', '2019-04-25 09:28:25', '../img/FL_bPA9ymp84RMeFRUJq.jpg', '', '95');
INSERT INTO `file_info` VALUES ('275', null, '2019-04-25 09:28:26', null, null, null, 'FL_fbxrTSaYhv05j1UZc.jpg', '77608aeb-021906psg1.jpg', 'E:\\Master-branch-secondCar\\JavaDesign\\src\\main\\resources\\static\\img', 'image/jpeg', '\0', null, '107740', '2019-04-25 09:28:25', '../img/FL_fbxrTSaYhv05j1UZc.jpg', '', '95');
INSERT INTO `file_info` VALUES ('276', null, '2019-04-25 09:28:26', null, null, null, 'FL_fjoVJfoNWqF0YUGG3.jpg', 'd747e69b-021906psg6.jpg', 'E:\\Master-branch-secondCar\\JavaDesign\\src\\main\\resources\\static\\img', 'image/jpeg', '\0', null, '99847', '2019-04-25 09:28:25', '../img/FL_fjoVJfoNWqF0YUGG3.jpg', '', '95');
INSERT INTO `file_info` VALUES ('277', null, '2019-04-25 09:28:26', null, null, null, 'FL_f1NC0CbPK476mDgxx.jpg', 'f32e293f-021906psgf.jpg', 'E:\\Master-branch-secondCar\\JavaDesign\\src\\main\\resources\\static\\img', 'image/jpeg', '\0', null, '124986', '2019-04-25 09:28:25', '../img/FL_f1NC0CbPK476mDgxx.jpg', '', '95');
INSERT INTO `file_info` VALUES ('278', null, '2019-04-25 09:31:01', null, null, null, 'FL_bgjmiwEzEzAfgwwks.jpg', '2a614ca2-021906rm50.png.jpg', 'E:\\Master-branch-secondCar\\JavaDesign\\src\\main\\resources\\static\\img', 'image/jpeg', '\0', null, '42810', '2019-04-25 09:31:00', '../img/FL_bgjmiwEzEzAfgwwks.jpg', '', '96');
INSERT INTO `file_info` VALUES ('279', null, '2019-04-25 09:31:01', null, null, null, 'FL_ezjXTyK2iLk2jHRrC.jpg', '22b3e74e-021906rm5o.png.jpg', 'E:\\Master-branch-secondCar\\JavaDesign\\src\\main\\resources\\static\\img', 'image/jpeg', '\0', null, '25913', '2019-04-25 09:31:00', '../img/FL_ezjXTyK2iLk2jHRrC.jpg', '', '96');
INSERT INTO `file_info` VALUES ('280', null, '2019-04-25 09:31:01', null, null, null, 'FL_eOIMmof0MEU9EwKgj.jpg', '38e91677-021906rm4s.png.jpg', 'E:\\Master-branch-secondCar\\JavaDesign\\src\\main\\resources\\static\\img', 'image/jpeg', '\0', null, '42900', '2019-04-25 09:31:00', '../img/FL_eOIMmof0MEU9EwKgj.jpg', '', '96');
INSERT INTO `file_info` VALUES ('281', null, '2019-04-25 09:31:01', null, null, null, 'FL_fMEaWyEeS2WggCNYh.jpg', '41b0fd0a-021906rm59.png.jpg', 'E:\\Master-branch-secondCar\\JavaDesign\\src\\main\\resources\\static\\img', 'image/jpeg', '\0', null, '41479', '2019-04-25 09:31:00', '../img/FL_fMEaWyEeS2WggCNYh.jpg', '', '96');
INSERT INTO `file_info` VALUES ('282', null, '2019-04-25 09:31:01', null, null, null, 'FL_dyW98RWfkuXdLZsC4.jpg', '061e229e-021906rm62.png.jpg', 'E:\\Master-branch-secondCar\\JavaDesign\\src\\main\\resources\\static\\img', 'image/jpeg', '\0', null, '25472', '2019-04-25 09:31:00', '../img/FL_dyW98RWfkuXdLZsC4.jpg', '', '96');
INSERT INTO `file_info` VALUES ('283', null, '2019-04-25 09:31:01', null, null, null, 'FL_dGtJwlhdOhu54payM.jpg', 'da851a5a-021906rm5e.png.jpg', 'E:\\Master-branch-secondCar\\JavaDesign\\src\\main\\resources\\static\\img', 'image/jpeg', '\0', null, '36911', '2019-04-25 09:31:00', '../img/FL_dGtJwlhdOhu54payM.jpg', '', '96');
INSERT INTO `file_info` VALUES ('284', null, '2019-04-25 09:32:24', null, null, null, 'FL_eJafHhcWHZdkjvdLJ.jpg', '1.jpg', 'E:\\Master-branch-secondCar\\JavaDesign\\src\\main\\resources\\static\\img', 'image/jpeg', '\0', null, '110665', '2019-04-25 09:32:23', '../img/FL_eJafHhcWHZdkjvdLJ.jpg', '', '97');
INSERT INTO `file_info` VALUES ('285', null, '2019-04-25 09:32:24', null, null, null, 'FL_eRWrE91ssIq0hDziR.jpg', '2.jpg', 'E:\\Master-branch-secondCar\\JavaDesign\\src\\main\\resources\\static\\img', 'image/jpeg', '\0', null, '158421', '2019-04-25 09:32:23', '../img/FL_eRWrE91ssIq0hDziR.jpg', '', '97');
INSERT INTO `file_info` VALUES ('286', null, '2019-04-25 09:32:24', null, null, null, 'FL_cmT4I1Y7Vis9QQf9O.jpg', '6aff5565-02190659h0.jpg', 'E:\\Master-branch-secondCar\\JavaDesign\\src\\main\\resources\\static\\img', 'image/jpeg', '\0', null, '128533', '2019-04-25 09:32:23', '../img/FL_cmT4I1Y7Vis9QQf9O.jpg', '', '97');
INSERT INTO `file_info` VALUES ('287', null, '2019-04-25 09:32:24', null, null, null, 'FL_c0wDvFo1CDAi1mwZI.jpg', '8754caba-02190659hx.jpg', 'E:\\Master-branch-secondCar\\JavaDesign\\src\\main\\resources\\static\\img', 'image/jpeg', '\0', null, '125443', '2019-04-25 09:32:23', '../img/FL_c0wDvFo1CDAi1mwZI.jpg', '', '97');
INSERT INTO `file_info` VALUES ('288', null, '2019-04-25 09:32:24', null, null, null, 'FL_cAYfXS3HmOskwmV0A.jpg', '52520ae5-02190659go.jpg', 'E:\\Master-branch-secondCar\\JavaDesign\\src\\main\\resources\\static\\img', 'image/jpeg', '\0', null, '116334', '2019-04-25 09:32:23', '../img/FL_cAYfXS3HmOskwmV0A.jpg', '', '97');
INSERT INTO `file_info` VALUES ('289', null, '2019-04-25 09:32:24', null, null, null, 'FL_dtHnpt4lOTzcy1Fca.jpg', '50788489-02190659gf.jpg', 'E:\\Master-branch-secondCar\\JavaDesign\\src\\main\\resources\\static\\img', 'image/jpeg', '\0', null, '150091', '2019-04-25 09:32:23', '../img/FL_dtHnpt4lOTzcy1Fca.jpg', '', '97');
INSERT INTO `file_info` VALUES ('290', null, '2019-04-25 09:33:30', null, null, null, 'FL_dsOVuuz28rjgWOuHe.jpg', '0b042b4e-02181da8tm.jpg', 'E:\\Master-branch-secondCar\\JavaDesign\\src\\main\\resources\\static\\img', 'image/jpeg', '\0', null, '128083', '2019-04-25 09:33:29', '../img/FL_dsOVuuz28rjgWOuHe.jpg', '', '98');
INSERT INTO `file_info` VALUES ('291', null, '2019-04-25 09:33:30', null, null, null, 'FL_exRSMxA0KQue1cKOh.jpg', '5cbe8bbd-02181da8t7.jpg', 'E:\\Master-branch-secondCar\\JavaDesign\\src\\main\\resources\\static\\img', 'image/jpeg', '\0', null, '122366', '2019-04-25 09:33:29', '../img/FL_exRSMxA0KQue1cKOh.jpg', '', '98');
INSERT INTO `file_info` VALUES ('292', null, '2019-04-25 09:33:30', null, null, null, 'FL_dKIurE8HoDxkvc7mS.jpg', '7fecb8c0-021906rkfm.png.jpg', 'E:\\Master-branch-secondCar\\JavaDesign\\src\\main\\resources\\static\\img', 'image/jpeg', '\0', null, '54986', '2019-04-25 09:33:29', '../img/FL_dKIurE8HoDxkvc7mS.jpg', '', '98');
INSERT INTO `file_info` VALUES ('293', null, '2019-04-25 09:33:30', null, null, null, 'FL_dJ1ljHeR4dQj7qU7L.jpg', '337f26a7-02181da8t5.jpg', 'E:\\Master-branch-secondCar\\JavaDesign\\src\\main\\resources\\static\\img', 'image/jpeg', '\0', null, '134505', '2019-04-25 09:33:29', '../img/FL_dJ1ljHeR4dQj7qU7L.jpg', '', '98');
INSERT INTO `file_info` VALUES ('294', null, '2019-04-25 09:33:30', null, null, null, 'FL_bChgD10ZVZja1rkGG.jpg', 'debff2f3-02181da8u7.jpg', 'E:\\Master-branch-secondCar\\JavaDesign\\src\\main\\resources\\static\\img', 'image/jpeg', '\0', null, '115984', '2019-04-25 09:33:29', '../img/FL_bChgD10ZVZja1rkGG.jpg', '', '98');
INSERT INTO `file_info` VALUES ('295', null, '2019-04-25 09:33:30', null, null, null, 'FL_b6dNqp0brCM4ohGug.jpg', 'e14727a1-02181da8tt.jpg', 'E:\\Master-branch-secondCar\\JavaDesign\\src\\main\\resources\\static\\img', 'image/jpeg', '\0', null, '110458', '2019-04-25 09:33:29', '../img/FL_b6dNqp0brCM4ohGug.jpg', '', '98');
INSERT INTO `file_info` VALUES ('297', null, '2019-04-25 09:47:01', null, null, null, 'FL_dcguBpvTamzg3u2kd.jpg', '011b2d55423af60000019ae918abe0.jpg@1280w_1l_2o_100sh.jpg', 'E:\\Master-branch-secondCar\\JavaDesign\\src\\main\\resources\\static\\img', 'image/jpeg', '\0', null, '271573', '2019-04-25 09:47:00', '../img/FL_dcguBpvTamzg3u2kd.jpg', '', '99');
INSERT INTO `file_info` VALUES ('298', null, '2019-04-25 09:47:01', null, null, null, 'FL_bPqjuYVWj0kcqJKIc.jpg', '555.jpg', 'E:\\Master-branch-secondCar\\JavaDesign\\src\\main\\resources\\static\\img', 'image/jpeg', '\0', null, '26532', '2019-04-25 09:47:00', '../img/FL_bPqjuYVWj0kcqJKIc.jpg', '', '99');
INSERT INTO `file_info` VALUES ('299', null, '2019-04-25 09:47:01', null, null, null, 'FL_fIxJBPGCnHt0B5EeO.jpg', '666.jpg', 'E:\\Master-branch-secondCar\\JavaDesign\\src\\main\\resources\\static\\img', 'image/jpeg', '\0', null, '16194', '2019-04-25 09:47:00', '../img/FL_fIxJBPGCnHt0B5EeO.jpg', '', '99');
INSERT INTO `file_info` VALUES ('300', null, '2019-04-25 09:47:01', null, null, null, 'FL_dz1pdMRlQpx3gvUxv.jpg', 'wwq.jpg', 'E:\\Master-branch-secondCar\\JavaDesign\\src\\main\\resources\\static\\img', 'image/jpeg', '\0', null, '320843', '2019-04-25 09:47:00', '../img/FL_dz1pdMRlQpx3gvUxv.jpg', '', '99');
INSERT INTO `file_info` VALUES ('301', null, '2019-04-25 09:47:01', null, null, null, 'FL_dSE0E52pucN2PrcBF.jpg', 'www.jpg', 'E:\\Master-branch-secondCar\\JavaDesign\\src\\main\\resources\\static\\img', 'image/jpeg', '\0', null, '366558', '2019-04-25 09:47:00', '../img/FL_dSE0E52pucN2PrcBF.jpg', '', '99');
INSERT INTO `file_info` VALUES ('302', null, '2019-04-25 09:48:04', null, null, null, 'FL_du51TKnLSHxdK5Fxt.jpg', '1.jpg', 'E:\\Master-branch-secondCar\\JavaDesign\\src\\main\\resources\\static\\img', 'image/jpeg', '\0', null, '165693', '2019-04-25 09:48:03', '../img/FL_du51TKnLSHxdK5Fxt.jpg', '', '100');
INSERT INTO `file_info` VALUES ('303', null, '2019-04-25 09:48:04', null, null, null, 'FL_ct1XEtb7Qpm4QFUvH.jpg', '2.jpg', 'E:\\Master-branch-secondCar\\JavaDesign\\src\\main\\resources\\static\\img', 'image/jpeg', '\0', null, '196428', '2019-04-25 09:48:03', '../img/FL_ct1XEtb7Qpm4QFUvH.jpg', '', '100');
INSERT INTO `file_info` VALUES ('304', null, '2019-04-25 09:48:04', null, null, null, 'FL_eWCQiLQXAUzahHxBR.jpg', '3.jpg', 'E:\\Master-branch-secondCar\\JavaDesign\\src\\main\\resources\\static\\img', 'image/jpeg', '\0', null, '212843', '2019-04-25 09:48:03', '../img/FL_eWCQiLQXAUzahHxBR.jpg', '', '100');
INSERT INTO `file_info` VALUES ('305', null, '2019-04-25 09:48:04', null, null, null, 'FL_eGAMj7bAwPXduDVvP.jpg', '4.jpg', 'E:\\Master-branch-secondCar\\JavaDesign\\src\\main\\resources\\static\\img', 'image/jpeg', '\0', null, '211329', '2019-04-25 09:48:03', '../img/FL_eGAMj7bAwPXduDVvP.jpg', '', '100');
INSERT INTO `file_info` VALUES ('306', null, '2019-04-25 09:48:04', null, null, null, 'FL_fBuutUe8JW9edAi7d.jpg', '5.jpg', 'E:\\Master-branch-secondCar\\JavaDesign\\src\\main\\resources\\static\\img', 'image/jpeg', '\0', null, '218010', '2019-04-25 09:48:03', '../img/FL_fBuutUe8JW9edAi7d.jpg', '', '100');
INSERT INTO `file_info` VALUES ('307', null, '2019-04-25 09:48:04', null, null, null, 'FL_enTV9R7GTfQjoOXNh.jpg', '6.jpg', 'E:\\Master-branch-secondCar\\JavaDesign\\src\\main\\resources\\static\\img', 'image/jpeg', '\0', null, '170589', '2019-04-25 09:48:03', '../img/FL_enTV9R7GTfQjoOXNh.jpg', '', '100');
INSERT INTO `file_info` VALUES ('310', null, '2019-04-25 10:23:16', null, null, null, 'FL_eV73nMhAsBsjWHkZw.jpg', '66655c23-021905dlcb.png.jpg', 'E:\\Master-branch-secondCar\\JavaDesign\\src\\main\\resources\\static\\img', 'image/jpeg', '\0', null, '42842', '2019-04-25 10:23:15', '../img/FL_eV73nMhAsBsjWHkZw.jpg', '', '101');
INSERT INTO `file_info` VALUES ('311', null, '2019-04-25 10:23:16', null, null, null, 'FL_fPUE1l8s4dJfT2t6z.jpg', 'bb21075d-021905dlca.png.jpg', 'E:\\Master-branch-secondCar\\JavaDesign\\src\\main\\resources\\static\\img', 'image/jpeg', '\0', null, '47662', '2019-04-25 10:23:15', '../img/FL_fPUE1l8s4dJfT2t6z.jpg', '', '101');
INSERT INTO `file_info` VALUES ('312', null, '2019-04-25 10:23:16', null, null, null, 'FL_cvXOJL8KpFrjkoL8z.jpg', 'c0dfc3da-021905dlce.png.jpg', 'E:\\Master-branch-secondCar\\JavaDesign\\src\\main\\resources\\static\\img', 'image/jpeg', '\0', null, '35279', '2019-04-25 10:23:15', '../img/FL_cvXOJL8KpFrjkoL8z.jpg', '', '101');
INSERT INTO `file_info` VALUES ('313', null, '2019-04-25 10:23:16', null, null, null, 'FL_d6a072zpGQC3shSuK.jpg', 'f47b498c-021905dlct.png.jpg', 'E:\\Master-branch-secondCar\\JavaDesign\\src\\main\\resources\\static\\img', 'image/jpeg', '\0', null, '37957', '2019-04-25 10:23:15', '../img/FL_d6a072zpGQC3shSuK.jpg', '', '101');
INSERT INTO `file_info` VALUES ('315', null, '2019-04-25 10:26:38', null, null, null, 'FL_b5wIeETSKxelyXgOZ.jpg', '95670c42-021906j5j6.jpg', 'E:\\Master-branch-secondCar\\JavaDesign\\src\\main\\resources\\static\\img', 'image/jpeg', '\0', null, '163424', '2019-04-25 10:26:37', '../img/FL_b5wIeETSKxelyXgOZ.jpg', '', '102');
INSERT INTO `file_info` VALUES ('316', null, '2019-04-25 10:26:38', null, null, null, 'FL_fahzDoAdIDkgiikhk.jpg', 'ae9f46ff-021906j5j4.jpg', 'E:\\Master-branch-secondCar\\JavaDesign\\src\\main\\resources\\static\\img', 'image/jpeg', '\0', null, '159300', '2019-04-25 10:26:37', '../img/FL_fahzDoAdIDkgiikhk.jpg', '', '102');
INSERT INTO `file_info` VALUES ('317', null, '2019-04-25 10:26:38', null, null, null, 'FL_eK3JXr3lxBo7dlK0V.jpg', 'c1b6a960-021906j5j9.jpg', 'E:\\Master-branch-secondCar\\JavaDesign\\src\\main\\resources\\static\\img', 'image/jpeg', '\0', null, '139441', '2019-04-25 10:26:37', '../img/FL_eK3JXr3lxBo7dlK0V.jpg', '', '102');
INSERT INTO `file_info` VALUES ('318', null, '2019-04-25 10:26:38', null, null, null, 'FL_cHGYA8gshB87I5Hxl.jpg', 'f5576c00-021906j5jc.jpg', 'E:\\Master-branch-secondCar\\JavaDesign\\src\\main\\resources\\static\\img', 'image/jpeg', '\0', null, '144969', '2019-04-25 10:26:37', '../img/FL_cHGYA8gshB87I5Hxl.jpg', '', '102');
INSERT INTO `file_info` VALUES ('319', null, '2019-04-25 10:26:38', null, null, null, 'FL_d3uzBQJMjpc9dcCxc.jpg', 'feda442c-021906j5jg.jpg', 'E:\\Master-branch-secondCar\\JavaDesign\\src\\main\\resources\\static\\img', 'image/jpeg', '\0', null, '151838', '2019-04-25 10:26:37', '../img/FL_d3uzBQJMjpc9dcCxc.jpg', '', '102');
INSERT INTO `file_info` VALUES ('322', null, '2019-04-25 10:29:20', null, null, null, 'FL_glO7DlvTKOo304AmD.jpg', '8d8f7b45-021906xyw3.jpg', 'E:\\Master-branch-secondCar\\JavaDesign\\src\\main\\resources\\static\\img', 'image/jpeg', '\0', null, '125789', '2019-04-25 10:29:19', '../img/FL_glO7DlvTKOo304AmD.jpg', '', '103');
INSERT INTO `file_info` VALUES ('323', null, '2019-04-25 10:29:20', null, null, null, 'FL_fExFteKb4ee3INepi.jpg', '97923046-021906xywr.jpg', 'E:\\Master-branch-secondCar\\JavaDesign\\src\\main\\resources\\static\\img', 'image/jpeg', '\0', null, '116006', '2019-04-25 10:29:19', '../img/FL_fExFteKb4ee3INepi.jpg', '', '103');
INSERT INTO `file_info` VALUES ('324', null, '2019-04-25 10:29:20', null, null, null, 'FL_eTPaRdldg3K5oawPu.jpg', 'd8a10b06-021906xyvv.jpg', 'E:\\Master-branch-secondCar\\JavaDesign\\src\\main\\resources\\static\\img', 'image/jpeg', '\0', null, '138405', '2019-04-25 10:29:19', '../img/FL_eTPaRdldg3K5oawPu.jpg', '', '103');
INSERT INTO `file_info` VALUES ('325', null, '2019-04-25 10:29:20', null, null, null, 'FL_fhNR7CJjoINj8e11N.jpg', 'febd7194-021906xyx4.jpg', 'E:\\Master-branch-secondCar\\JavaDesign\\src\\main\\resources\\static\\img', 'image/jpeg', '\0', null, '129688', '2019-04-25 10:29:19', '../img/FL_fhNR7CJjoINj8e11N.jpg', '', '103');
INSERT INTO `file_info` VALUES ('326', null, '2019-04-25 10:31:30', null, null, null, 'FL_cHEFAxgEvZL9PDrrb.jpg', '00f10572-021903oa8b.jpg', 'E:\\Master-branch-secondCar\\JavaDesign\\src\\main\\resources\\static\\img', 'image/jpeg', '\0', null, '170665', '2019-04-25 10:31:30', '../img/FL_cHEFAxgEvZL9PDrrb.jpg', '', '104');
INSERT INTO `file_info` VALUES ('327', null, '2019-04-25 10:31:30', null, null, null, 'FL_eMhmA8MqTbkfgqNVD.jpg', '34b0fea2-021903oa8o.jpg', 'E:\\Master-branch-secondCar\\JavaDesign\\src\\main\\resources\\static\\img', 'image/jpeg', '\0', null, '164998', '2019-04-25 10:31:30', '../img/FL_eMhmA8MqTbkfgqNVD.jpg', '', '104');
INSERT INTO `file_info` VALUES ('328', null, '2019-04-25 10:31:30', null, null, null, 'FL_cmjVM4swSCDar1Clg.jpg', '64ff51c8-021903oa85.jpg', 'E:\\Master-branch-secondCar\\JavaDesign\\src\\main\\resources\\static\\img', 'image/jpeg', '\0', null, '173137', '2019-04-25 10:31:30', '../img/FL_cmjVM4swSCDar1Clg.jpg', '', '104');
INSERT INTO `file_info` VALUES ('329', null, '2019-04-25 10:31:30', null, null, null, 'FL_bka3PVuEJKIh9FyuA.jpg', '385796b5-021903oa99.jpg', 'E:\\Master-branch-secondCar\\JavaDesign\\src\\main\\resources\\static\\img', 'image/jpeg', '\0', null, '131741', '2019-04-25 10:31:30', '../img/FL_bka3PVuEJKIh9FyuA.jpg', '', '104');
INSERT INTO `file_info` VALUES ('330', null, '2019-04-25 10:31:30', null, null, null, 'FL_e2rfaGyQ19wioBj3F.jpg', 'c7b5eda9-021903oa8s.jpg', 'E:\\Master-branch-secondCar\\JavaDesign\\src\\main\\resources\\static\\img', 'image/jpeg', '\0', null, '164209', '2019-04-25 10:31:30', '../img/FL_e2rfaGyQ19wioBj3F.jpg', '', '104');
INSERT INTO `file_info` VALUES ('331', null, '2019-04-25 10:31:30', null, null, null, 'FL_ejebDiPANA5dR5WPE.jpg', 'dabac2aa-021903oa8h.jpg', 'E:\\Master-branch-secondCar\\JavaDesign\\src\\main\\resources\\static\\img', 'image/jpeg', '\0', null, '171305', '2019-04-25 10:31:30', '../img/FL_ejebDiPANA5dR5WPE.jpg', '', '104');
INSERT INTO `file_info` VALUES ('332', null, '2019-04-25 10:33:33', null, null, null, 'FL_bgRHOLcFO0cdYpbQF.jpg', '7f5dac78-021906y4to.jpg', 'E:\\Master-branch-secondCar\\JavaDesign\\src\\main\\resources\\static\\img', 'image/jpeg', '\0', null, '176421', '2019-04-25 10:33:33', '../img/FL_bgRHOLcFO0cdYpbQF.jpg', '', '105');
INSERT INTO `file_info` VALUES ('333', null, '2019-04-25 10:33:33', null, null, null, 'FL_eLIttDIcSwU7DC858.jpg', '9cb11f56-021906y4um.jpg', 'E:\\Master-branch-secondCar\\JavaDesign\\src\\main\\resources\\static\\img', 'image/jpeg', '\0', null, '116761', '2019-04-25 10:33:33', '../img/FL_eLIttDIcSwU7DC858.jpg', '', '105');
INSERT INTO `file_info` VALUES ('334', null, '2019-04-25 10:33:33', null, null, null, 'FL_esqdzXT2jCH5PpKlr.jpg', '114ecbc0-021906y4uc.jpg', 'E:\\Master-branch-secondCar\\JavaDesign\\src\\main\\resources\\static\\img', 'image/jpeg', '\0', null, '163913', '2019-04-25 10:33:33', '../img/FL_esqdzXT2jCH5PpKlr.jpg', '', '105');
INSERT INTO `file_info` VALUES ('335', null, '2019-04-25 10:33:33', null, null, null, 'FL_eZwv7xaIwUKeIfbHj.jpg', 'ade9df69-021906y4uj.jpg', 'E:\\Master-branch-secondCar\\JavaDesign\\src\\main\\resources\\static\\img', 'image/jpeg', '\0', null, '138197', '2019-04-25 10:33:33', '../img/FL_eZwv7xaIwUKeIfbHj.jpg', '', '105');
INSERT INTO `file_info` VALUES ('336', null, '2019-04-25 10:33:33', null, null, null, 'FL_b7cbd6F9DZzljQ3oi.jpg', 'c04d19cf-021906y4uf.jpg', 'E:\\Master-branch-secondCar\\JavaDesign\\src\\main\\resources\\static\\img', 'image/jpeg', '\0', null, '162394', '2019-04-25 10:33:33', '../img/FL_b7cbd6F9DZzljQ3oi.jpg', '', '105');
INSERT INTO `file_info` VALUES ('337', null, '2019-04-25 10:33:33', null, null, null, 'FL_fILcUHHmUq72toz30.jpg', 'c9baadfa-021906y4u7.jpg', 'E:\\Master-branch-secondCar\\JavaDesign\\src\\main\\resources\\static\\img', 'image/jpeg', '\0', null, '166195', '2019-04-25 10:33:33', '../img/FL_fILcUHHmUq72toz30.jpg', '', '105');
INSERT INTO `file_info` VALUES ('338', null, '2019-04-25 10:36:12', null, null, null, 'FL_eShiOaIUi6Kh6QLuZ.jpg', '7b95e4c9-021900j3bu.jpg', 'E:\\Master-branch-secondCar\\JavaDesign\\src\\main\\resources\\static\\img', 'image/jpeg', '\0', null, '140434', '2019-04-25 10:36:12', '../img/FL_eShiOaIUi6Kh6QLuZ.jpg', '', '106');
INSERT INTO `file_info` VALUES ('339', null, '2019-04-25 10:36:12', null, null, null, 'FL_cBGnPKo4toq9UkmFC.jpg', '378aa1e5-021900j3ed.jpg', 'E:\\Master-branch-secondCar\\JavaDesign\\src\\main\\resources\\static\\img', 'image/jpeg', '\0', null, '142246', '2019-04-25 10:36:12', '../img/FL_cBGnPKo4toq9UkmFC.jpg', '', '106');
INSERT INTO `file_info` VALUES ('340', null, '2019-04-25 10:36:12', null, null, null, 'FL_ePLMP7efdL42koK5l.jpg', '437d04eb-021900j3cy.jpg', 'E:\\Master-branch-secondCar\\JavaDesign\\src\\main\\resources\\static\\img', 'image/jpeg', '\0', null, '143383', '2019-04-25 10:36:12', '../img/FL_ePLMP7efdL42koK5l.jpg', '', '106');
INSERT INTO `file_info` VALUES ('341', null, '2019-04-25 10:36:12', null, null, null, 'FL_fKVNsEE8twChw8C0U.jpg', '2158a407-021900j3cn.jpg', 'E:\\Master-branch-secondCar\\JavaDesign\\src\\main\\resources\\static\\img', 'image/jpeg', '\0', null, '148541', '2019-04-25 10:36:12', '../img/FL_fKVNsEE8twChw8C0U.jpg', '', '106');
INSERT INTO `file_info` VALUES ('342', null, '2019-04-25 10:36:12', null, null, null, 'FL_fnuMnKypPZWdYkm3w.jpg', 'd37770dd-021900j3dv.jpg', 'E:\\Master-branch-secondCar\\JavaDesign\\src\\main\\resources\\static\\img', 'image/jpeg', '\0', null, '99135', '2019-04-25 10:36:12', '../img/FL_fnuMnKypPZWdYkm3w.jpg', '', '106');
INSERT INTO `file_info` VALUES ('343', null, '2019-04-25 10:36:12', null, null, null, 'FL_fpME9VUS9uI6nvP7O.jpg', 'e25de184-021900j3dl.jpg', 'E:\\Master-branch-secondCar\\JavaDesign\\src\\main\\resources\\static\\img', 'image/jpeg', '\0', null, '162898', '2019-04-25 10:36:12', '../img/FL_fpME9VUS9uI6nvP7O.jpg', '', '106');
INSERT INTO `file_info` VALUES ('346', null, '2019-04-25 10:38:17', null, null, null, 'FL_dZqiX4JuGP8iiUgND.jpg', '8c1f128f-021905k7wk.png.jpg', 'E:\\Master-branch-secondCar\\JavaDesign\\src\\main\\resources\\static\\img', 'image/jpeg', '\0', null, '47311', '2019-04-25 10:38:16', '../img/FL_dZqiX4JuGP8iiUgND.jpg', '', '107');
INSERT INTO `file_info` VALUES ('347', null, '2019-04-25 10:38:17', null, null, null, 'FL_fCJmAs247ZYbAIMrG.jpg', '8f8e5df0-021905k7y5.png.jpg', 'E:\\Master-branch-secondCar\\JavaDesign\\src\\main\\resources\\static\\img', 'image/jpeg', '\0', null, '46488', '2019-04-25 10:38:16', '../img/FL_fCJmAs247ZYbAIMrG.jpg', '', '107');
INSERT INTO `file_info` VALUES ('348', null, '2019-04-25 10:38:17', null, null, null, 'FL_cWz17P3UqOM7zH4Va.jpg', '9e760424-021905k7yf.png.jpg', 'E:\\Master-branch-secondCar\\JavaDesign\\src\\main\\resources\\static\\img', 'image/jpeg', '\0', null, '51701', '2019-04-25 10:38:16', '../img/FL_cWz17P3UqOM7zH4Va.jpg', '', '107');
INSERT INTO `file_info` VALUES ('349', null, '2019-04-25 10:38:17', null, null, null, 'FL_emyWED2EWRnikKvNS.jpg', 'df97d4c4-021905k7z0.png.jpg', 'E:\\Master-branch-secondCar\\JavaDesign\\src\\main\\resources\\static\\img', 'image/jpeg', '\0', null, '45926', '2019-04-25 10:38:16', '../img/FL_emyWED2EWRnikKvNS.jpg', '', '107');
INSERT INTO `file_info` VALUES ('350', null, '2019-04-25 10:42:00', null, null, null, 'FL_bzSTjXB69J8c6qnl3.jpg', '0d3dcfe9-021906e7qb.jpg', 'E:\\Master-branch-secondCar\\JavaDesign\\src\\main\\resources\\static\\img', 'image/jpeg', '\0', null, '166360', '2019-04-25 10:41:59', '../img/FL_bzSTjXB69J8c6qnl3.jpg', '', '108');
INSERT INTO `file_info` VALUES ('351', null, '2019-04-25 10:42:00', null, null, null, 'FL_dzr4POovavIhxVFsI.jpg', '18db6b46-021906e7qc.jpg', 'E:\\Master-branch-secondCar\\JavaDesign\\src\\main\\resources\\static\\img', 'image/jpeg', '\0', null, '174125', '2019-04-25 10:41:59', '../img/FL_dzr4POovavIhxVFsI.jpg', '', '108');
INSERT INTO `file_info` VALUES ('352', null, '2019-04-25 10:42:00', null, null, null, 'FL_fSE6U3mebkclV9Uby.jpg', '1275799b-021906e7qk.jpg', 'E:\\Master-branch-secondCar\\JavaDesign\\src\\main\\resources\\static\\img', 'image/jpeg', '\0', null, '121182', '2019-04-25 10:41:59', '../img/FL_fSE6U3mebkclV9Uby.jpg', '', '108');
INSERT INTO `file_info` VALUES ('353', null, '2019-04-25 10:42:00', null, null, null, 'FL_c1dRWMck8pgh6JMaD.jpg', 'be22c0df-021906e7qf.jpg', 'E:\\Master-branch-secondCar\\JavaDesign\\src\\main\\resources\\static\\img', 'image/jpeg', '\0', null, '161413', '2019-04-25 10:42:00', '../img/FL_c1dRWMck8pgh6JMaD.jpg', '', '108');
INSERT INTO `file_info` VALUES ('354', null, '2019-04-25 10:42:00', null, null, null, 'FL_cuJzpoGYiOM2yfmlq.jpg', 'dc847b4a-021906e7qi.jpg', 'E:\\Master-branch-secondCar\\JavaDesign\\src\\main\\resources\\static\\img', 'image/jpeg', '\0', null, '135556', '2019-04-25 10:42:00', '../img/FL_cuJzpoGYiOM2yfmlq.jpg', '', '108');
INSERT INTO `file_info` VALUES ('355', null, '2019-04-25 10:42:00', null, null, null, 'FL_eyooVYoGUEDbEuOGF.jpg', 'f5b4052b-021906e7qg.jpg', 'E:\\Master-branch-secondCar\\JavaDesign\\src\\main\\resources\\static\\img', 'image/jpeg', '\0', null, '156474', '2019-04-25 10:42:00', '../img/FL_eyooVYoGUEDbEuOGF.jpg', '', '108');
INSERT INTO `file_info` VALUES ('357', null, '2019-04-25 10:43:54', null, null, null, 'FL_g0RhLgiKWhC3MlhVR.jpg', '588f3ebe-021906vfcm.jpg', 'E:\\Master-branch-secondCar\\JavaDesign\\src\\main\\resources\\static\\img', 'image/jpeg', '\0', null, '150883', '2019-04-25 10:43:53', '../img/FL_g0RhLgiKWhC3MlhVR.jpg', '', '109');
INSERT INTO `file_info` VALUES ('358', null, '2019-04-25 10:43:54', null, null, null, 'FL_biCQV851Fgt6jU4Uv.jpg', '668a3095-021906vfcf.jpg', 'E:\\Master-branch-secondCar\\JavaDesign\\src\\main\\resources\\static\\img', 'image/jpeg', '\0', null, '148350', '2019-04-25 10:43:53', '../img/FL_biCQV851Fgt6jU4Uv.jpg', '', '109');
INSERT INTO `file_info` VALUES ('359', null, '2019-04-25 10:43:54', null, null, null, 'FL_eP3AO4mN5RY5CS1oF.jpg', 'b17ab1da-021906vfcp.jpg', 'E:\\Master-branch-secondCar\\JavaDesign\\src\\main\\resources\\static\\img', 'image/jpeg', '\0', null, '148953', '2019-04-25 10:43:53', '../img/FL_eP3AO4mN5RY5CS1oF.jpg', '', '109');
INSERT INTO `file_info` VALUES ('360', null, '2019-04-25 10:43:54', null, null, null, 'FL_ds3a66aW5X23m1fN3.jpg', 'b22ace7b-021906vfcj.jpg', 'E:\\Master-branch-secondCar\\JavaDesign\\src\\main\\resources\\static\\img', 'image/jpeg', '\0', null, '151185', '2019-04-25 10:43:53', '../img/FL_ds3a66aW5X23m1fN3.jpg', '', '109');
INSERT INTO `file_info` VALUES ('361', null, '2019-04-25 10:43:54', null, null, null, 'FL_b3KkEoNzPSQ8aFzof.jpg', 'ba9e31bb-021906vfch.jpg', 'E:\\Master-branch-secondCar\\JavaDesign\\src\\main\\resources\\static\\img', 'image/jpeg', '\0', null, '149686', '2019-04-25 10:43:53', '../img/FL_b3KkEoNzPSQ8aFzof.jpg', '', '109');
INSERT INTO `file_info` VALUES ('362', null, '2019-04-25 10:46:48', null, null, null, 'FL_cDZJtKF1A5dlMsCV1.jpg', '0d215307-021905dq0c.jpg', 'E:\\Master-branch-secondCar\\JavaDesign\\src\\main\\resources\\static\\img', 'image/jpeg', '\0', null, '169179', '2019-04-25 10:46:48', '../img/FL_cDZJtKF1A5dlMsCV1.jpg', '', '111');
INSERT INTO `file_info` VALUES ('363', null, '2019-04-25 10:46:48', null, null, null, 'FL_f8TuEeYcNu31c2PDe.jpg', '0eafd693-021905dq0e.jpg', 'E:\\Master-branch-secondCar\\JavaDesign\\src\\main\\resources\\static\\img', 'image/jpeg', '\0', null, '178761', '2019-04-25 10:46:48', '../img/FL_f8TuEeYcNu31c2PDe.jpg', '', '111');
INSERT INTO `file_info` VALUES ('364', null, '2019-04-25 10:46:48', null, null, null, 'FL_gfMPxtk4efnfqDMFQ.jpg', '922ff096-021905dq0j.jpg', 'E:\\Master-branch-secondCar\\JavaDesign\\src\\main\\resources\\static\\img', 'image/jpeg', '\0', null, '170414', '2019-04-25 10:46:48', '../img/FL_gfMPxtk4efnfqDMFQ.jpg', '', '111');
INSERT INTO `file_info` VALUES ('365', null, '2019-04-25 10:46:48', null, null, null, 'FL_eoCutciP479dNrTzF.jpg', '965e15c9-021905dq0m.jpg', 'E:\\Master-branch-secondCar\\JavaDesign\\src\\main\\resources\\static\\img', 'image/jpeg', '\0', null, '158169', '2019-04-25 10:46:48', '../img/FL_eoCutciP479dNrTzF.jpg', '', '111');
INSERT INTO `file_info` VALUES ('366', null, '2019-04-25 10:46:48', null, null, null, 'FL_fb5uvqip3qkb1VAje.jpg', '79793c4a-021905dq0i.jpg', 'E:\\Master-branch-secondCar\\JavaDesign\\src\\main\\resources\\static\\img', 'image/jpeg', '\0', null, '157866', '2019-04-25 10:46:48', '../img/FL_fb5uvqip3qkb1VAje.jpg', '', '111');
INSERT INTO `file_info` VALUES ('367', null, '2019-04-25 10:46:48', null, null, null, 'FL_b61tXyAvluIkc87zf.jpg', '180296f6-021905dq0o.jpg', 'E:\\Master-branch-secondCar\\JavaDesign\\src\\main\\resources\\static\\img', 'image/jpeg', '\0', null, '149349', '2019-04-25 10:46:48', '../img/FL_b61tXyAvluIkc87zf.jpg', '', '111');
INSERT INTO `file_info` VALUES ('368', null, '2019-04-25 10:49:02', null, null, null, 'FL_eAUm1q1Iw8PkBrd4q.jpg', '1b3c259f-021906y0hi.jpg', 'E:\\Master-branch-secondCar\\JavaDesign\\src\\main\\resources\\static\\img', 'image/jpeg', '\0', null, '168873', '2019-04-25 10:49:02', '../img/FL_eAUm1q1Iw8PkBrd4q.jpg', '', '112');
INSERT INTO `file_info` VALUES ('369', null, '2019-04-25 10:49:02', null, null, null, 'FL_b7LfhkCX3AS4dAM1L.jpg', '5cb37cb9-021906y0ib.jpg', 'E:\\Master-branch-secondCar\\JavaDesign\\src\\main\\resources\\static\\img', 'image/jpeg', '\0', null, '149625', '2019-04-25 10:49:02', '../img/FL_b7LfhkCX3AS4dAM1L.jpg', '', '112');
INSERT INTO `file_info` VALUES ('370', null, '2019-04-25 10:49:02', null, null, null, 'FL_bCa4E00QYVHilppVW.jpg', '9ba2d60a-021906y0j0.jpg', 'E:\\Master-branch-secondCar\\JavaDesign\\src\\main\\resources\\static\\img', 'image/jpeg', '\0', null, '158179', '2019-04-25 10:49:02', '../img/FL_bCa4E00QYVHilppVW.jpg', '', '112');
INSERT INTO `file_info` VALUES ('371', null, '2019-04-25 10:49:02', null, null, null, 'FL_boQuA1lRt9niLeZYi.jpg', '68f238a5-021906y0hz.jpg', 'E:\\Master-branch-secondCar\\JavaDesign\\src\\main\\resources\\static\\img', 'image/jpeg', '\0', null, '165233', '2019-04-25 10:49:02', '../img/FL_boQuA1lRt9niLeZYi.jpg', '', '112');
INSERT INTO `file_info` VALUES ('372', null, '2019-04-25 10:49:02', null, null, null, 'FL_e6wryhFoCdMbopy8S.jpg', 'da589e36-021906y0hs.jpg', 'E:\\Master-branch-secondCar\\JavaDesign\\src\\main\\resources\\static\\img', 'image/jpeg', '\0', null, '129793', '2019-04-25 10:49:02', '../img/FL_e6wryhFoCdMbopy8S.jpg', '', '112');
INSERT INTO `file_info` VALUES ('373', null, '2019-04-25 10:49:02', null, null, null, 'FL_cAIOISfG99172cc9u.jpg', 'f335ca41-021906y0j6.jpg', 'E:\\Master-branch-secondCar\\JavaDesign\\src\\main\\resources\\static\\img', 'image/jpeg', '\0', null, '151503', '2019-04-25 10:49:02', '../img/FL_cAIOISfG99172cc9u.jpg', '', '112');
INSERT INTO `file_info` VALUES ('375', null, '2019-04-25 10:50:20', null, null, null, 'FL_dSqnLHH2Mwj5VRxOi.jpg', '5a8b109a-021905yrn7.jpg', 'E:\\Master-branch-secondCar\\JavaDesign\\src\\main\\resources\\static\\img', 'image/jpeg', '\0', null, '172772', '2019-04-25 10:50:20', '../img/FL_dSqnLHH2Mwj5VRxOi.jpg', '', '113');
INSERT INTO `file_info` VALUES ('376', null, '2019-04-25 10:50:20', null, null, null, 'FL_fRt2ilCdiDq7v2vqp.jpg', '45d5740c-021905yrnd.jpg', 'E:\\Master-branch-secondCar\\JavaDesign\\src\\main\\resources\\static\\img', 'image/jpeg', '\0', null, '166907', '2019-04-25 10:50:20', '../img/FL_fRt2ilCdiDq7v2vqp.jpg', '', '113');
INSERT INTO `file_info` VALUES ('377', null, '2019-04-25 10:50:20', null, null, null, 'FL_ejlXufCB5QVjbr0Vp.jpg', '86ed3649-021905yrnj.jpg', 'E:\\Master-branch-secondCar\\JavaDesign\\src\\main\\resources\\static\\img', 'image/jpeg', '\0', null, '138464', '2019-04-25 10:50:20', '../img/FL_ejlXufCB5QVjbr0Vp.jpg', '', '113');
INSERT INTO `file_info` VALUES ('378', null, '2019-04-25 10:50:20', null, null, null, 'FL_bwiA2AoADfT5C1sPh.jpg', '153bf3f4-021905yrn9.jpg', 'E:\\Master-branch-secondCar\\JavaDesign\\src\\main\\resources\\static\\img', 'image/jpeg', '\0', null, '172251', '2019-04-25 10:50:20', '../img/FL_bwiA2AoADfT5C1sPh.jpg', '', '113');
INSERT INTO `file_info` VALUES ('379', null, '2019-04-25 10:50:21', null, null, null, 'FL_eXIxHP9GPYrhTj4KE.jpg', '5074d8ad-021905yrnf.jpg', 'E:\\Master-branch-secondCar\\JavaDesign\\src\\main\\resources\\static\\img', 'image/jpeg', '\0', null, '183610', '2019-04-25 10:50:20', '../img/FL_eXIxHP9GPYrhTj4KE.jpg', '', '113');
INSERT INTO `file_info` VALUES ('380', null, '2019-04-25 10:52:28', null, null, null, 'FL_bsh1ZjNSOY9a9gz51.jpg', '1a96feac-021906npgm.jpg', 'E:\\Master-branch-secondCar\\JavaDesign\\src\\main\\resources\\static\\img', 'image/jpeg', '\0', null, '182330', '2019-04-25 10:52:27', '../img/FL_bsh1ZjNSOY9a9gz51.jpg', '', '114');
INSERT INTO `file_info` VALUES ('381', null, '2019-04-25 10:52:28', null, null, null, 'FL_bNrHoGXKzoX3xyJlg.jpg', '46d24620-021906nph9.jpg', 'E:\\Master-branch-secondCar\\JavaDesign\\src\\main\\resources\\static\\img', 'image/jpeg', '\0', null, '137595', '2019-04-25 10:52:27', '../img/FL_bNrHoGXKzoX3xyJlg.jpg', '', '114');
INSERT INTO `file_info` VALUES ('382', null, '2019-04-25 10:52:28', null, null, null, 'FL_et2RT499EP18QI4uo.jpg', '82dc94e5-021906nphc.jpg', 'E:\\Master-branch-secondCar\\JavaDesign\\src\\main\\resources\\static\\img', 'image/jpeg', '\0', null, '113208', '2019-04-25 10:52:27', '../img/FL_et2RT499EP18QI4uo.jpg', '', '114');
INSERT INTO `file_info` VALUES ('383', null, '2019-04-25 10:52:28', null, null, null, 'FL_e9Vi2dQuHp76TMJr3.jpg', '796e6f8a-021906npgy.jpg', 'E:\\Master-branch-secondCar\\JavaDesign\\src\\main\\resources\\static\\img', 'image/jpeg', '\0', null, '161235', '2019-04-25 10:52:27', '../img/FL_e9Vi2dQuHp76TMJr3.jpg', '', '114');
INSERT INTO `file_info` VALUES ('384', null, '2019-04-25 10:52:28', null, null, null, 'FL_gbeoI2Z9LQNkr2XUd.jpg', 'ea4352e4-021906nph3.jpg', 'E:\\Master-branch-secondCar\\JavaDesign\\src\\main\\resources\\static\\img', 'image/jpeg', '\0', null, '183755', '2019-04-25 10:52:27', '../img/FL_gbeoI2Z9LQNkr2XUd.jpg', '', '114');
INSERT INTO `file_info` VALUES ('385', null, '2019-04-25 10:52:28', null, null, null, 'FL_dGZCCUxir2Aj22nUZ.jpg', 'ef68a267-021906npgu.jpg', 'E:\\Master-branch-secondCar\\JavaDesign\\src\\main\\resources\\static\\img', 'image/jpeg', '\0', null, '182828', '2019-04-25 10:52:27', '../img/FL_dGZCCUxir2Aj22nUZ.jpg', '', '114');
INSERT INTO `file_info` VALUES ('386', null, '2019-04-25 10:53:24', null, null, null, 'FL_d1KvI7liUbj6OkQOb.jpg', '1dd88734-021906e61o.png.jpg', 'E:\\Master-branch-secondCar\\JavaDesign\\src\\main\\resources\\static\\img', 'image/jpeg', '\0', null, '53354', '2019-04-25 10:53:24', '../img/FL_d1KvI7liUbj6OkQOb.jpg', '', '115');
INSERT INTO `file_info` VALUES ('387', null, '2019-04-25 10:53:24', null, null, null, 'FL_bKHC05wDPhEgTAcbX.jpg', '3a56caa5-021906e628.png.jpg', 'E:\\Master-branch-secondCar\\JavaDesign\\src\\main\\resources\\static\\img', 'image/jpeg', '\0', null, '42081', '2019-04-25 10:53:24', '../img/FL_bKHC05wDPhEgTAcbX.jpg', '', '115');
INSERT INTO `file_info` VALUES ('388', null, '2019-04-25 10:53:24', null, null, null, 'FL_d7iJvQVTf1733jAjk.jpg', '4cd9bf5d-021906e623.png.jpg', 'E:\\Master-branch-secondCar\\JavaDesign\\src\\main\\resources\\static\\img', 'image/jpeg', '\0', null, '46584', '2019-04-25 10:53:24', '../img/FL_d7iJvQVTf1733jAjk.jpg', '', '115');
INSERT INTO `file_info` VALUES ('389', null, '2019-04-25 10:53:24', null, null, null, 'FL_c4aSlbcwGuT8LSyqi.jpg', '69a568c1-021906e61w.png.jpg', 'E:\\Master-branch-secondCar\\JavaDesign\\src\\main\\resources\\static\\img', 'image/jpeg', '\0', null, '46807', '2019-04-25 10:53:24', '../img/FL_c4aSlbcwGuT8LSyqi.jpg', '', '115');
INSERT INTO `file_info` VALUES ('390', null, '2019-04-25 10:53:24', null, null, null, 'FL_dera30raLmj9pbjve.jpg', 'e92c0e79-021906e61s.png.jpg', 'E:\\Master-branch-secondCar\\JavaDesign\\src\\main\\resources\\static\\img', 'image/jpeg', '\0', null, '47953', '2019-04-25 10:53:24', '../img/FL_dera30raLmj9pbjve.jpg', '', '115');
INSERT INTO `file_info` VALUES ('391', null, '2019-04-25 10:53:24', null, null, null, 'FL_cQ4IsATSHk43ywXSX.jpg', 'ef32a382-021906e61z.png.jpg', 'E:\\Master-branch-secondCar\\JavaDesign\\src\\main\\resources\\static\\img', 'image/jpeg', '\0', null, '41064', '2019-04-25 10:53:24', '../img/FL_cQ4IsATSHk43ywXSX.jpg', '', '115');
INSERT INTO `file_info` VALUES ('393', null, '2019-04-25 10:54:38', null, null, null, 'FL_cMZQiVnT3C35BFBzs.jpg', '442db8f1f2b4863884bd29b3c64865d9.jpg@base@tag=imgScale&w=1200&h=800&c=1&m=2&q=88.jpg', 'E:\\Master-branch-secondCar\\JavaDesign\\src\\main\\resources\\static\\img', 'image/jpeg', '\0', null, '187867', '2019-04-25 10:54:37', '../img/FL_cMZQiVnT3C35BFBzs.jpg', '', '116');
INSERT INTO `file_info` VALUES ('394', null, '2019-04-25 10:54:38', null, null, null, 'FL_ctfCFzv4gMRcItOkc.jpg', '196564fc02958eb2b6c4d1adc418694e.jpg@base@tag=imgScale&w=1200&h=800&c=1&m=2&q=88.jpg', 'E:\\Master-branch-secondCar\\JavaDesign\\src\\main\\resources\\static\\img', 'image/jpeg', '\0', null, '175147', '2019-04-25 10:54:37', '../img/FL_ctfCFzv4gMRcItOkc.jpg', '', '116');
INSERT INTO `file_info` VALUES ('395', null, '2019-04-25 10:54:38', null, null, null, 'FL_f3H4Nlvc9jbbe9vOR.jpg', '623522322bb999c6bbc2353af2c46877.jpg@base@tag=imgScale&w=1200&h=800&c=1&m=2&q=88.jpg', 'E:\\Master-branch-secondCar\\JavaDesign\\src\\main\\resources\\static\\img', 'image/jpeg', '\0', null, '167583', '2019-04-25 10:54:37', '../img/FL_f3H4Nlvc9jbbe9vOR.jpg', '', '116');
INSERT INTO `file_info` VALUES ('396', null, '2019-04-25 10:54:38', null, null, null, 'FL_dfM7YaLmsO5e6AkAN.jpg', 'a4d97c95fb2792870dc3fc3fe8372615.jpg@base@tag=imgScale&w=1200&h=800&c=1&m=2&q=88.jpg', 'E:\\Master-branch-secondCar\\JavaDesign\\src\\main\\resources\\static\\img', 'image/jpeg', '\0', null, '189946', '2019-04-25 10:54:37', '../img/FL_dfM7YaLmsO5e6AkAN.jpg', '', '116');
INSERT INTO `file_info` VALUES ('397', null, '2019-04-25 10:54:38', null, null, null, 'FL_gaVscOs1CZtciqaNu.jpg', 'c659687751050d3ec541418e14cb9d25.jpg@base@tag=imgScale&w=1200&h=800&c=1&m=2&q=88.jpg', 'E:\\Master-branch-secondCar\\JavaDesign\\src\\main\\resources\\static\\img', 'image/jpeg', '\0', null, '175989', '2019-04-25 10:54:37', '../img/FL_gaVscOs1CZtciqaNu.jpg', '', '116');
INSERT INTO `file_info` VALUES ('426', null, '2019-05-23 06:00:28', null, null, null, 'FL_bSqy8sg3Is6bLLq8c.jpg', '3a2a2e79-021907poo7.jpg', 'F:\\JavaCode\\able-liu-java\\src\\main\\resources\\static\\img', 'image/jpeg', '\0', null, '154003', '2019-05-23 06:00:28', '../img/FL_bSqy8sg3Is6bLLq8c.jpg', '', '140');
INSERT INTO `file_info` VALUES ('427', null, '2019-05-23 06:00:28', null, null, null, 'FL_crxWKzJtn8i3ruYUb.jpg', '24e96033-021907pooc.jpg', 'F:\\JavaCode\\able-liu-java\\src\\main\\resources\\static\\img', 'image/jpeg', '\0', null, '147570', '2019-05-23 06:00:28', '../img/FL_crxWKzJtn8i3ruYUb.jpg', '', '140');
INSERT INTO `file_info` VALUES ('428', null, '2019-05-23 06:00:28', null, null, null, 'FL_et78znxAwn8a299oX.jpg', '565e271c-021907poob.jpg', 'F:\\JavaCode\\able-liu-java\\src\\main\\resources\\static\\img', 'image/jpeg', '\0', null, '142457', '2019-05-23 06:00:28', '../img/FL_et78znxAwn8a299oX.jpg', '', '140');
INSERT INTO `file_info` VALUES ('429', null, '2019-05-23 06:00:28', null, null, null, 'FL_fL7jLos7h9jjAuJAV.jpg', 'b2b32ada-021907pood.jpg', 'F:\\JavaCode\\able-liu-java\\src\\main\\resources\\static\\img', 'image/jpeg', '\0', null, '145791', '2019-05-23 06:00:28', '../img/FL_fL7jLos7h9jjAuJAV.jpg', '', '140');
INSERT INTO `file_info` VALUES ('430', null, '2019-05-23 06:00:29', null, null, null, 'FL_gsmUGDvaXsZcwVAxN.jpg', 'bf7fd639-021907poo4.jpg', 'F:\\JavaCode\\able-liu-java\\src\\main\\resources\\static\\img', 'image/jpeg', '\0', null, '139905', '2019-05-23 06:00:28', '../img/FL_gsmUGDvaXsZcwVAxN.jpg', '', '140');
INSERT INTO `file_info` VALUES ('431', null, '2019-05-23 06:00:29', null, null, null, 'FL_eShn4VczZF7iIpjIt.jpg', 'da5ddd2f-021907pooe.jpg', 'F:\\JavaCode\\able-liu-java\\src\\main\\resources\\static\\img', 'image/jpeg', '\0', null, '139261', '2019-05-23 06:00:28', '../img/FL_eShn4VczZF7iIpjIt.jpg', '', '140');
INSERT INTO `file_info` VALUES ('433', null, '2019-05-24 02:11:28', null, null, null, 'FL_ciyyT6wDUc7g6EFtI.jpg', '09ba94ee-101900ritq.jpg', 'F:\\JavaCode\\able-liu-java\\src\\main\\resources\\static\\img', 'image/jpeg', '\0', null, '153431', '2019-05-24 02:11:27', '../img/FL_ciyyT6wDUc7g6EFtI.jpg', '', '142');
INSERT INTO `file_info` VALUES ('434', null, '2019-05-24 02:11:28', null, null, null, 'FL_dc5EUcgLJMy4af0ms.jpg', '25c7b9f0-101900ritg.jpg', 'F:\\JavaCode\\able-liu-java\\src\\main\\resources\\static\\img', 'image/jpeg', '\0', null, '140142', '2019-05-24 02:11:28', '../img/FL_dc5EUcgLJMy4af0ms.jpg', '', '142');
INSERT INTO `file_info` VALUES ('435', null, '2019-05-24 02:11:28', null, null, null, 'FL_dguConEBwMHiInUMP.jpg', '95b7cda0-101900ritf.jpg', 'F:\\JavaCode\\able-liu-java\\src\\main\\resources\\static\\img', 'image/jpeg', '\0', null, '155020', '2019-05-24 02:11:28', '../img/FL_dguConEBwMHiInUMP.jpg', '', '142');
INSERT INTO `file_info` VALUES ('436', null, '2019-05-24 02:11:28', null, null, null, 'FL_c9YsCYzreAj4QVW1E.jpg', '6090db11-101900rj6p.jpg', 'F:\\JavaCode\\able-liu-java\\src\\main\\resources\\static\\img', 'image/jpeg', '\0', null, '153457', '2019-05-24 02:11:28', '../img/FL_c9YsCYzreAj4QVW1E.jpg', '', '142');
INSERT INTO `file_info` VALUES ('437', null, '2019-05-24 02:11:28', null, null, null, 'FL_ceCv6eQD3SH6ZmQfu.jpg', 'e0a32fea-101900riwc.jpg', 'F:\\JavaCode\\able-liu-java\\src\\main\\resources\\static\\img', 'image/jpeg', '\0', null, '170873', '2019-05-24 02:11:28', '../img/FL_ceCv6eQD3SH6ZmQfu.jpg', '', '142');
INSERT INTO `file_info` VALUES ('438', null, '2019-05-24 02:11:28', null, null, null, 'FL_gljNYsf3Sz4enqO72.jpg', 'e3a93876-101900ritc.jpg', 'F:\\JavaCode\\able-liu-java\\src\\main\\resources\\static\\img', 'image/jpeg', '\0', null, '141212', '2019-05-24 02:11:28', '../img/FL_gljNYsf3Sz4enqO72.jpg', '', '142');
INSERT INTO `file_info` VALUES ('445', null, '2019-05-24 02:17:18', null, null, null, 'FL_e2GpCfWp3Es2Le4rI.jpg', '1.jpg', 'F:\\JavaCode\\able-liu-java\\src\\main\\resources\\static\\img', 'image/jpeg', '\0', null, '184703', '2019-05-24 02:17:17', '../img/FL_e2GpCfWp3Es2Le4rI.jpg', '', '144');
INSERT INTO `file_info` VALUES ('446', null, '2019-05-24 02:17:18', null, null, null, 'FL_dLrH41zic3EjBGuc0.jpg', '2.jpg', 'F:\\JavaCode\\able-liu-java\\src\\main\\resources\\static\\img', 'image/jpeg', '\0', null, '177731', '2019-05-24 02:17:17', '../img/FL_dLrH41zic3EjBGuc0.jpg', '', '144');
INSERT INTO `file_info` VALUES ('447', null, '2019-05-24 02:17:18', null, null, null, 'FL_eIfIs9GAjoH2kjCFo.jpg', '4ebe33d1-101901f86h.jpg', 'F:\\JavaCode\\able-liu-java\\src\\main\\resources\\static\\img', 'image/jpeg', '\0', null, '182606', '2019-05-24 02:17:17', '../img/FL_eIfIs9GAjoH2kjCFo.jpg', '', '144');
INSERT INTO `file_info` VALUES ('448', null, '2019-05-24 02:17:18', null, null, null, 'FL_crfMZ1u6oZWfo3jpz.jpg', '6fdd4cd8-101901f7vd.jpg', 'F:\\JavaCode\\able-liu-java\\src\\main\\resources\\static\\img', 'image/jpeg', '\0', null, '174852', '2019-05-24 02:17:17', '../img/FL_crfMZ1u6oZWfo3jpz.jpg', '', '144');
INSERT INTO `file_info` VALUES ('449', null, '2019-05-24 02:17:18', null, null, null, 'FL_ddbEYyFIXt1bzinzr.jpg', '21e77ab6-101901f85u.jpg', 'F:\\JavaCode\\able-liu-java\\src\\main\\resources\\static\\img', 'image/jpeg', '\0', null, '133742', '2019-05-24 02:17:17', '../img/FL_ddbEYyFIXt1bzinzr.jpg', '', '144');
INSERT INTO `file_info` VALUES ('450', null, '2019-05-24 02:17:18', null, null, null, 'FL_cczk6MBWYBYbAK0eF.jpg', '0211b807-101901f878.jpg', 'F:\\JavaCode\\able-liu-java\\src\\main\\resources\\static\\img', 'image/jpeg', '\0', null, '165275', '2019-05-24 02:17:17', '../img/FL_cczk6MBWYBYbAK0eF.jpg', '', '144');
INSERT INTO `file_info` VALUES ('451', null, '2019-05-24 02:21:57', null, null, null, 'FL_drSeZAEaECfa1Voof.jpg', '2a15d86b-02190655w7.jpg', 'F:\\JavaCode\\able-liu-java\\src\\main\\resources\\static\\img', 'image/jpeg', '\0', null, '97448', '2019-05-24 02:21:57', '../img/FL_drSeZAEaECfa1Voof.jpg', '', '145');
INSERT INTO `file_info` VALUES ('452', null, '2019-05-24 02:21:57', null, null, null, 'FL_frSJbpova2UjHhFZr.jpg', '5cc56323-02190655w8.jpg', 'F:\\JavaCode\\able-liu-java\\src\\main\\resources\\static\\img', 'image/jpeg', '\0', null, '76309', '2019-05-24 02:21:57', '../img/FL_frSJbpova2UjHhFZr.jpg', '', '145');
INSERT INTO `file_info` VALUES ('453', null, '2019-05-24 02:21:57', null, null, null, 'FL_emXUzcRZxyd3l1tpr.jpg', '27b2f0fa-02190655wf.jpg', 'F:\\JavaCode\\able-liu-java\\src\\main\\resources\\static\\img', 'image/jpeg', '\0', null, '97179', '2019-05-24 02:21:57', '../img/FL_emXUzcRZxyd3l1tpr.jpg', '', '145');
INSERT INTO `file_info` VALUES ('454', null, '2019-05-24 02:21:57', null, null, null, 'FL_fAecZsanXVBazJVs8.jpg', '55d911c3-02190655wb.jpg', 'F:\\JavaCode\\able-liu-java\\src\\main\\resources\\static\\img', 'image/jpeg', '\0', null, '82753', '2019-05-24 02:21:57', '../img/FL_fAecZsanXVBazJVs8.jpg', '', '145');
INSERT INTO `file_info` VALUES ('455', null, '2019-05-24 02:21:57', null, null, null, 'FL_chXMvrgvQVh8aHHhB.jpg', '8629739c-02190655wa.jpg', 'F:\\JavaCode\\able-liu-java\\src\\main\\resources\\static\\img', 'image/jpeg', '\0', null, '96010', '2019-05-24 02:21:57', '../img/FL_chXMvrgvQVh8aHHhB.jpg', '', '145');
INSERT INTO `file_info` VALUES ('456', null, '2019-05-24 02:21:58', null, null, null, 'FL_e3bft0T59vIgDpWCy.jpg', 'a53fbc81-02190655wc.jpg', 'F:\\JavaCode\\able-liu-java\\src\\main\\resources\\static\\img', 'image/jpeg', '\0', null, '90576', '2019-05-24 02:21:57', '../img/FL_e3bft0T59vIgDpWCy.jpg', '', '145');
INSERT INTO `file_info` VALUES ('457', null, '2019-05-24 02:24:00', null, null, null, 'FL_bpVMRA0JkUzcGjyil.jpg', '1.jpg', 'F:\\JavaCode\\able-liu-java\\src\\main\\resources\\static\\img', 'image/jpeg', '\0', null, '163683', '2019-05-24 02:24:00', '../img/FL_bpVMRA0JkUzcGjyil.jpg', '', '146');
INSERT INTO `file_info` VALUES ('458', null, '2019-05-24 02:24:00', null, null, null, 'FL_gt27ih0aPtUb6L25C.jpg', '2.jpg', 'F:\\JavaCode\\able-liu-java\\src\\main\\resources\\static\\img', 'image/jpeg', '\0', null, '144532', '2019-05-24 02:24:00', '../img/FL_gt27ih0aPtUb6L25C.jpg', '', '146');
INSERT INTO `file_info` VALUES ('459', null, '2019-05-24 02:24:00', null, null, null, 'FL_aZLn4brITRV4eAX2c.jpg', '2e3912f5-1019016ps4.jpg', 'F:\\JavaCode\\able-liu-java\\src\\main\\resources\\static\\img', 'image/jpeg', '\0', null, '155317', '2019-05-24 02:24:00', '../img/FL_aZLn4brITRV4eAX2c.jpg', '', '146');
INSERT INTO `file_info` VALUES ('460', null, '2019-05-24 02:24:00', null, null, null, 'FL_cSBbz3PUrURbAvQ0a.jpg', '74ebad7d-1019016pmw.jpg', 'F:\\JavaCode\\able-liu-java\\src\\main\\resources\\static\\img', 'image/jpeg', '\0', null, '144074', '2019-05-24 02:24:00', '../img/FL_cSBbz3PUrURbAvQ0a.jpg', '', '146');
INSERT INTO `file_info` VALUES ('461', null, '2019-05-24 02:24:00', null, null, null, 'FL_bIJPeiIbVO9giGCon.jpg', 'c922f8a7-1019016psd.jpg', 'F:\\JavaCode\\able-liu-java\\src\\main\\resources\\static\\img', 'image/jpeg', '\0', null, '132315', '2019-05-24 02:24:00', '../img/FL_bIJPeiIbVO9giGCon.jpg', '', '146');
INSERT INTO `file_info` VALUES ('462', null, '2019-05-24 02:24:00', null, null, null, 'FL_g9uRS6pyK0r3ywg5O.jpg', 'd53825fb-1019016pm7.jpg', 'F:\\JavaCode\\able-liu-java\\src\\main\\resources\\static\\img', 'image/jpeg', '\0', null, '108873', '2019-05-24 02:24:00', '../img/FL_g9uRS6pyK0r3ywg5O.jpg', '', '146');
INSERT INTO `file_info` VALUES ('463', null, '2019-05-24 02:25:58', null, null, null, 'FL_fcYEvVoG0Qmbiy4zI.jpg', '1.jpg', 'F:\\JavaCode\\able-liu-java\\src\\main\\resources\\static\\img', 'image/jpeg', '\0', null, '170460', '2019-05-24 02:25:58', '../img/FL_fcYEvVoG0Qmbiy4zI.jpg', '', '147');
INSERT INTO `file_info` VALUES ('464', null, '2019-05-24 02:25:58', null, null, null, 'FL_bcfdyGJoTrteUxLTD.jpg', '2.jpg', 'F:\\JavaCode\\able-liu-java\\src\\main\\resources\\static\\img', 'image/jpeg', '\0', null, '150924', '2019-05-24 02:25:58', '../img/FL_bcfdyGJoTrteUxLTD.jpg', '', '147');
INSERT INTO `file_info` VALUES ('465', null, '2019-05-24 02:25:58', null, null, null, 'FL_camce25DfxybOlhfE.jpg', '3.jpg', 'F:\\JavaCode\\able-liu-java\\src\\main\\resources\\static\\img', 'image/jpeg', '\0', null, '158988', '2019-05-24 02:25:58', '../img/FL_camce25DfxybOlhfE.jpg', '', '147');
INSERT INTO `file_info` VALUES ('466', null, '2019-05-24 02:25:58', null, null, null, 'FL_b4HoK6XmxkM25BPvz.jpg', '63c2ae56-101900l6w4.jpg', 'F:\\JavaCode\\able-liu-java\\src\\main\\resources\\static\\img', 'image/jpeg', '\0', null, '127755', '2019-05-24 02:25:58', '../img/FL_b4HoK6XmxkM25BPvz.jpg', '', '147');
INSERT INTO `file_info` VALUES ('467', null, '2019-05-24 02:25:58', null, null, null, 'FL_fBRQ3E4KTJshPasfy.jpg', 'e398b865-101900l6w6.jpg', 'F:\\JavaCode\\able-liu-java\\src\\main\\resources\\static\\img', 'image/jpeg', '\0', null, '122847', '2019-05-24 02:25:58', '../img/FL_fBRQ3E4KTJshPasfy.jpg', '', '147');
INSERT INTO `file_info` VALUES ('468', null, '2019-05-24 02:25:59', null, null, null, 'FL_dBDaIBWRQZo1HoByP.jpg', 'febc6727-101900l6vz.jpg', 'F:\\JavaCode\\able-liu-java\\src\\main\\resources\\static\\img', 'image/jpeg', '\0', null, '114920', '2019-05-24 02:25:58', '../img/FL_dBDaIBWRQZo1HoByP.jpg', '', '147');
INSERT INTO `file_info` VALUES ('469', null, '2019-05-24 02:28:25', null, null, null, 'FL_ef23NwjsKaLbKutNR.jpg', '1.jpg', 'F:\\JavaCode\\able-liu-java\\src\\main\\resources\\static\\img', 'image/jpeg', '\0', null, '160877', '2019-05-24 02:28:24', '../img/FL_ef23NwjsKaLbKutNR.jpg', '', '148');
INSERT INTO `file_info` VALUES ('470', null, '2019-05-24 02:28:25', null, null, null, 'FL_cHybzduHljA3JCZxw.jpg', '2.jpg', 'F:\\JavaCode\\able-liu-java\\src\\main\\resources\\static\\img', 'image/jpeg', '\0', null, '151733', '2019-05-24 02:28:24', '../img/FL_cHybzduHljA3JCZxw.jpg', '', '148');
INSERT INTO `file_info` VALUES ('471', null, '2019-05-24 02:28:25', null, null, null, 'FL_funHIHmsGMrfKFufl.jpg', '3dd80350-101900wvvd.jpg', 'F:\\JavaCode\\able-liu-java\\src\\main\\resources\\static\\img', 'image/jpeg', '\0', null, '133414', '2019-05-24 02:28:24', '../img/FL_funHIHmsGMrfKFufl.jpg', '', '148');
INSERT INTO `file_info` VALUES ('472', null, '2019-05-24 02:28:25', null, null, null, 'FL_chESNTJSikHbGdulw.jpg', '8cb326b6-101900wvsl.jpg', 'F:\\JavaCode\\able-liu-java\\src\\main\\resources\\static\\img', 'image/jpeg', '\0', null, '137290', '2019-05-24 02:28:24', '../img/FL_chESNTJSikHbGdulw.jpg', '', '148');
INSERT INTO `file_info` VALUES ('473', null, '2019-05-24 02:28:25', null, null, null, 'FL_f30l1OSqjbd0U3ktH.jpg', '19daad7b-101900wvxe.jpg', 'F:\\JavaCode\\able-liu-java\\src\\main\\resources\\static\\img', 'image/jpeg', '\0', null, '170562', '2019-05-24 02:28:24', '../img/FL_f30l1OSqjbd0U3ktH.jpg', '', '148');
INSERT INTO `file_info` VALUES ('474', null, '2019-05-24 02:28:25', null, null, null, 'FL_bocHxKClTmW3aLb37.jpg', 'cf83714d-101900wvsd.jpg', 'F:\\JavaCode\\able-liu-java\\src\\main\\resources\\static\\img', 'image/jpeg', '\0', null, '136459', '2019-05-24 02:28:24', '../img/FL_bocHxKClTmW3aLb37.jpg', '', '148');
INSERT INTO `file_info` VALUES ('475', null, '2019-05-24 02:30:01', null, null, null, 'FL_eUAr8me9hspeO4n9n.jpg', '1.jpg', 'F:\\JavaCode\\able-liu-java\\src\\main\\resources\\static\\img', 'image/jpeg', '\0', null, '178603', '2019-05-24 02:30:01', '../img/FL_eUAr8me9hspeO4n9n.jpg', '', '149');
INSERT INTO `file_info` VALUES ('476', null, '2019-05-24 02:30:01', null, null, null, 'FL_bfhOMU81Z5h9nazrR.jpg', '7e667e0e-0219077g2q.jpg', 'F:\\JavaCode\\able-liu-java\\src\\main\\resources\\static\\img', 'image/jpeg', '\0', null, '186369', '2019-05-24 02:30:01', '../img/FL_bfhOMU81Z5h9nazrR.jpg', '', '149');
INSERT INTO `file_info` VALUES ('477', null, '2019-05-24 02:30:01', null, null, null, 'FL_fAogxKb1DrBeRbwGl.jpg', '53cb205b-0219077g2j.jpg', 'F:\\JavaCode\\able-liu-java\\src\\main\\resources\\static\\img', 'image/jpeg', '\0', null, '180388', '2019-05-24 02:30:01', '../img/FL_fAogxKb1DrBeRbwGl.jpg', '', '149');
INSERT INTO `file_info` VALUES ('478', null, '2019-05-24 02:30:01', null, null, null, 'FL_goZRhCRtAWTfpEe62.jpg', 'a259fca1-0219077g3r.jpg', 'F:\\JavaCode\\able-liu-java\\src\\main\\resources\\static\\img', 'image/jpeg', '\0', null, '177884', '2019-05-24 02:30:01', '../img/FL_goZRhCRtAWTfpEe62.jpg', '', '149');
INSERT INTO `file_info` VALUES ('479', null, '2019-05-24 02:30:01', null, null, null, 'FL_dv4d5S6MJkx4D2AD3.jpg', 'ad9b5fee-0219077g32.jpg', 'F:\\JavaCode\\able-liu-java\\src\\main\\resources\\static\\img', 'image/jpeg', '\0', null, '170334', '2019-05-24 02:30:01', '../img/FL_dv4d5S6MJkx4D2AD3.jpg', '', '149');
INSERT INTO `file_info` VALUES ('480', null, '2019-05-24 02:30:01', null, null, null, 'FL_fol9TWOtTeIcYDcz6.jpg', 'be092b1d-0219077g3e.jpg', 'F:\\JavaCode\\able-liu-java\\src\\main\\resources\\static\\img', 'image/jpeg', '\0', null, '179919', '2019-05-24 02:30:01', '../img/FL_fol9TWOtTeIcYDcz6.jpg', '', '149');
INSERT INTO `file_info` VALUES ('481', null, '2019-05-24 02:31:41', null, null, null, 'FL_d7uB9CgNYhMaQMTu3.jpg', '1.jpg', 'F:\\JavaCode\\able-liu-java\\src\\main\\resources\\static\\img', 'image/jpeg', '\0', null, '169613', '2019-05-24 02:31:40', '../img/FL_d7uB9CgNYhMaQMTu3.jpg', '', '150');
INSERT INTO `file_info` VALUES ('482', null, '2019-05-24 02:31:41', null, null, null, 'FL_dlFGzvl99tcfGZkKQ.jpg', '2.jpg', 'F:\\JavaCode\\able-liu-java\\src\\main\\resources\\static\\img', 'image/jpeg', '\0', null, '185456', '2019-05-24 02:31:40', '../img/FL_dlFGzvl99tcfGZkKQ.jpg', '', '150');
INSERT INTO `file_info` VALUES ('483', null, '2019-05-24 02:31:41', null, null, null, 'FL_dsS8TXFBmQibHcB80.jpg', '2de766f5-101901fbbr.jpg', 'F:\\JavaCode\\able-liu-java\\src\\main\\resources\\static\\img', 'image/jpeg', '\0', null, '158053', '2019-05-24 02:31:40', '../img/FL_dsS8TXFBmQibHcB80.jpg', '', '150');
INSERT INTO `file_info` VALUES ('484', null, '2019-05-24 02:31:41', null, null, null, 'FL_eBwo3CKma5hkfCsx0.jpg', '811d2eef-101901fc6t.jpg', 'F:\\JavaCode\\able-liu-java\\src\\main\\resources\\static\\img', 'image/jpeg', '\0', null, '158706', '2019-05-24 02:31:40', '../img/FL_eBwo3CKma5hkfCsx0.jpg', '', '150');
INSERT INTO `file_info` VALUES ('485', null, '2019-05-24 02:31:41', null, null, null, 'FL_e8igwD6746D3CK4FZ.jpg', '184089bf-101901fc61.jpg', 'F:\\JavaCode\\able-liu-java\\src\\main\\resources\\static\\img', 'image/jpeg', '\0', null, '171457', '2019-05-24 02:31:40', '../img/FL_e8igwD6746D3CK4FZ.jpg', '', '150');
INSERT INTO `file_info` VALUES ('486', null, '2019-05-24 02:33:26', null, null, null, 'FL_eBMV4jEazfNeT5ppo.jpg', '0.jpg', 'F:\\JavaCode\\able-liu-java\\src\\main\\resources\\static\\img', 'image/jpeg', '\0', null, '173564', '2019-05-24 02:33:25', '../img/FL_eBMV4jEazfNeT5ppo.jpg', '', '151');
INSERT INTO `file_info` VALUES ('487', null, '2019-05-24 02:33:26', null, null, null, 'FL_ckdI9Oz61Wh3s2NWm.jpg', '0e565fb4-101901eaah.jpg', 'F:\\JavaCode\\able-liu-java\\src\\main\\resources\\static\\img', 'image/jpeg', '\0', null, '153640', '2019-05-24 02:33:25', '../img/FL_ckdI9Oz61Wh3s2NWm.jpg', '', '151');
INSERT INTO `file_info` VALUES ('488', null, '2019-05-24 02:33:26', null, null, null, 'FL_cnFWsZS69J7facPFc.jpg', '2.jpg', 'F:\\JavaCode\\able-liu-java\\src\\main\\resources\\static\\img', 'image/jpeg', '\0', null, '166468', '2019-05-24 02:33:25', '../img/FL_cnFWsZS69J7facPFc.jpg', '', '151');
INSERT INTO `file_info` VALUES ('489', null, '2019-05-24 02:33:26', null, null, null, 'FL_b8ZeQVF1pVE4kElCb.jpg', '3ee9bafd-101901eabd.jpg', 'F:\\JavaCode\\able-liu-java\\src\\main\\resources\\static\\img', 'image/jpeg', '\0', null, '154266', '2019-05-24 02:33:25', '../img/FL_b8ZeQVF1pVE4kElCb.jpg', '', '151');
INSERT INTO `file_info` VALUES ('490', null, '2019-05-24 02:33:26', null, null, null, 'FL_eVONoQrq0bEcg05L4.jpg', 'c32d17b2-101901eaav.jpg', 'F:\\JavaCode\\able-liu-java\\src\\main\\resources\\static\\img', 'image/jpeg', '\0', null, '154908', '2019-05-24 02:33:25', '../img/FL_eVONoQrq0bEcg05L4.jpg', '', '151');
INSERT INTO `file_info` VALUES ('491', null, '2019-05-24 02:33:26', null, null, null, 'FL_culMZz5xBWp3y6Elq.jpg', 'fba6c91e-101901ea9n.jpg', 'F:\\JavaCode\\able-liu-java\\src\\main\\resources\\static\\img', 'image/jpeg', '\0', null, '177223', '2019-05-24 02:33:25', '../img/FL_culMZz5xBWp3y6Elq.jpg', '', '151');
INSERT INTO `file_info` VALUES ('492', null, '2019-05-24 02:34:42', null, null, null, 'FL_dVfQfoGfEcbbzBSkm.jpg', '1.jpg', 'F:\\JavaCode\\able-liu-java\\src\\main\\resources\\static\\img', 'image/jpeg', '\0', null, '152147', '2019-05-24 02:34:41', '../img/FL_dVfQfoGfEcbbzBSkm.jpg', '', '152');
INSERT INTO `file_info` VALUES ('493', null, '2019-05-24 02:34:42', null, null, null, 'FL_dxqIhHF4AQB7ucc5S.jpg', '2.jpg', 'F:\\JavaCode\\able-liu-java\\src\\main\\resources\\static\\img', 'image/jpeg', '\0', null, '155458', '2019-05-24 02:34:41', '../img/FL_dxqIhHF4AQB7ucc5S.jpg', '', '152');
INSERT INTO `file_info` VALUES ('494', null, '2019-05-24 02:34:42', null, null, null, 'FL_fcapW4vuTsQ3yIXy8.jpg', '7fcb296a-101900r7q8.jpg', 'F:\\JavaCode\\able-liu-java\\src\\main\\resources\\static\\img', 'image/jpeg', '\0', null, '120319', '2019-05-24 02:34:41', '../img/FL_fcapW4vuTsQ3yIXy8.jpg', '', '152');
INSERT INTO `file_info` VALUES ('495', null, '2019-05-24 02:34:42', null, null, null, 'FL_bqwdFTQWCEfbbDWgc.jpg', 'bec02f2b-101900r7pl.jpg', 'F:\\JavaCode\\able-liu-java\\src\\main\\resources\\static\\img', 'image/jpeg', '\0', null, '141713', '2019-05-24 02:34:41', '../img/FL_bqwdFTQWCEfbbDWgc.jpg', '', '152');
INSERT INTO `file_info` VALUES ('496', null, '2019-05-24 02:34:42', null, null, null, 'FL_dzH6Tgf8vNb81GwAk.jpg', 'c07d18f4-101900r7pu.jpg', 'F:\\JavaCode\\able-liu-java\\src\\main\\resources\\static\\img', 'image/jpeg', '\0', null, '129490', '2019-05-24 02:34:41', '../img/FL_dzH6Tgf8vNb81GwAk.jpg', '', '152');
INSERT INTO `file_info` VALUES ('497', null, '2019-05-24 02:34:42', null, null, null, 'FL_fS1pZ9NXml6fm08yL.jpg', 'c34b61c5-101900r7p3.jpg', 'F:\\JavaCode\\able-liu-java\\src\\main\\resources\\static\\img', 'image/jpeg', '\0', null, '135414', '2019-05-24 02:34:41', '../img/FL_fS1pZ9NXml6fm08yL.jpg', '', '152');
INSERT INTO `file_info` VALUES ('498', null, '2019-05-24 02:36:03', null, null, null, 'FL_g0MPkxOT5QhdIt4lN.jpg', '1.jpg', 'F:\\JavaCode\\able-liu-java\\src\\main\\resources\\static\\img', 'image/jpeg', '\0', null, '158863', '2019-05-24 02:36:03', '../img/FL_g0MPkxOT5QhdIt4lN.jpg', '', '153');
INSERT INTO `file_info` VALUES ('499', null, '2019-05-24 02:36:03', null, null, null, 'FL_eST67r1uUq28aqBEP.jpg', '2.jpg', 'F:\\JavaCode\\able-liu-java\\src\\main\\resources\\static\\img', 'image/jpeg', '\0', null, '154169', '2019-05-24 02:36:03', '../img/FL_eST67r1uUq28aqBEP.jpg', '', '153');
INSERT INTO `file_info` VALUES ('500', null, '2019-05-24 02:36:03', null, null, null, 'FL_bxMQ5mAX2WPfkEkKy.jpg', '58fa3029-021906fk3g.jpg', 'F:\\JavaCode\\able-liu-java\\src\\main\\resources\\static\\img', 'image/jpeg', '\0', null, '140845', '2019-05-24 02:36:03', '../img/FL_bxMQ5mAX2WPfkEkKy.jpg', '', '153');
INSERT INTO `file_info` VALUES ('501', null, '2019-05-24 02:36:03', null, null, null, 'FL_eaeXBNl6E8Kb2z2Ll.jpg', 'af62bf66-021906fk42.jpg', 'F:\\JavaCode\\able-liu-java\\src\\main\\resources\\static\\img', 'image/jpeg', '\0', null, '154225', '2019-05-24 02:36:03', '../img/FL_eaeXBNl6E8Kb2z2Ll.jpg', '', '153');
INSERT INTO `file_info` VALUES ('502', null, '2019-05-24 02:36:03', null, null, null, 'FL_cKbQyhuUZnP71DpTs.jpg', 'c5295a43-021906fk39.jpg', 'F:\\JavaCode\\able-liu-java\\src\\main\\resources\\static\\img', 'image/jpeg', '\0', null, '143643', '2019-05-24 02:36:03', '../img/FL_cKbQyhuUZnP71DpTs.jpg', '', '153');
INSERT INTO `file_info` VALUES ('503', null, '2019-05-24 02:36:03', null, null, null, 'FL_bz8JlfWrIs7asTMxR.jpg', 'dafbf60e-021906fk32.jpg', 'F:\\JavaCode\\able-liu-java\\src\\main\\resources\\static\\img', 'image/jpeg', '\0', null, '146018', '2019-05-24 02:36:03', '../img/FL_bz8JlfWrIs7asTMxR.jpg', '', '153');
INSERT INTO `file_info` VALUES ('504', null, '2019-05-24 02:37:13', null, null, null, 'FL_eplA7THe4bD8uXcdK.jpg', '1.jpg', 'F:\\JavaCode\\able-liu-java\\src\\main\\resources\\static\\img', 'image/jpeg', '\0', null, '101307', '2019-05-24 02:37:12', '../img/FL_eplA7THe4bD8uXcdK.jpg', '', '154');
INSERT INTO `file_info` VALUES ('505', null, '2019-05-24 02:37:13', null, null, null, 'FL_fuq9JzBviLSgeRhXU.jpg', '1de1399d-021907nbbd.jpg', 'F:\\JavaCode\\able-liu-java\\src\\main\\resources\\static\\img', 'image/jpeg', '\0', null, '102834', '2019-05-24 02:37:12', '../img/FL_fuq9JzBviLSgeRhXU.jpg', '', '154');
INSERT INTO `file_info` VALUES ('506', null, '2019-05-24 02:37:13', null, null, null, 'FL_c5u8E8J3mzr1LYfn0.jpg', '02b384ef-021907nbbj.jpg', 'F:\\JavaCode\\able-liu-java\\src\\main\\resources\\static\\img', 'image/jpeg', '\0', null, '98362', '2019-05-24 02:37:12', '../img/FL_c5u8E8J3mzr1LYfn0.jpg', '', '154');
INSERT INTO `file_info` VALUES ('507', null, '2019-05-24 02:37:13', null, null, null, 'FL_e4JibfsxSQnjhzo7b.jpg', '4ff4a593-021907nbbl.jpg', 'F:\\JavaCode\\able-liu-java\\src\\main\\resources\\static\\img', 'image/jpeg', '\0', null, '86557', '2019-05-24 02:37:12', '../img/FL_e4JibfsxSQnjhzo7b.jpg', '', '154');
INSERT INTO `file_info` VALUES ('508', null, '2019-05-24 02:37:13', null, null, null, 'FL_c32MDtlY4KObP83cP.jpg', '7e157618-021907nbbf.jpg', 'F:\\JavaCode\\able-liu-java\\src\\main\\resources\\static\\img', 'image/jpeg', '\0', null, '89676', '2019-05-24 02:37:12', '../img/FL_c32MDtlY4KObP83cP.jpg', '', '154');
INSERT INTO `file_info` VALUES ('509', null, '2019-05-24 02:37:13', null, null, null, 'FL_fhZzoyUkBCE1itbnc.jpg', 'e946224e-021907nbbc.jpg', 'F:\\JavaCode\\able-liu-java\\src\\main\\resources\\static\\img', 'image/jpeg', '\0', null, '130891', '2019-05-24 02:37:12', '../img/FL_fhZzoyUkBCE1itbnc.jpg', '', '154');
INSERT INTO `file_info` VALUES ('510', null, '2019-05-24 02:38:31', null, null, null, 'FL_bCAUHOIN7ZkiXStKb.jpg', '0.jpg', 'F:\\JavaCode\\able-liu-java\\src\\main\\resources\\static\\img', 'image/jpeg', '\0', null, '131992', '2019-05-24 02:38:30', '../img/FL_bCAUHOIN7ZkiXStKb.jpg', '', '155');
INSERT INTO `file_info` VALUES ('511', null, '2019-05-24 02:38:31', null, null, null, 'FL_c72QuVhzcN93s6TdI.jpg', '0c01a7af-021906sy9q.jpg', 'F:\\JavaCode\\able-liu-java\\src\\main\\resources\\static\\img', 'image/jpeg', '\0', null, '142589', '2019-05-24 02:38:30', '../img/FL_c72QuVhzcN93s6TdI.jpg', '', '155');
INSERT INTO `file_info` VALUES ('512', null, '2019-05-24 02:38:31', null, null, null, 'FL_fHXkmvoGfOp64aPez.jpg', '97c2ca56-021906sy9l.jpg', 'F:\\JavaCode\\able-liu-java\\src\\main\\resources\\static\\img', 'image/jpeg', '\0', null, '123605', '2019-05-24 02:38:30', '../img/FL_fHXkmvoGfOp64aPez.jpg', '', '155');
INSERT INTO `file_info` VALUES ('513', null, '2019-05-24 02:38:31', null, null, null, 'FL_fgVwyzaFxz3erRLfY.jpg', '926e5c9e-021906sy9t.jpg', 'F:\\JavaCode\\able-liu-java\\src\\main\\resources\\static\\img', 'image/jpeg', '\0', null, '129222', '2019-05-24 02:38:30', '../img/FL_fgVwyzaFxz3erRLfY.jpg', '', '155');
INSERT INTO `file_info` VALUES ('514', null, '2019-05-24 02:38:31', null, null, null, 'FL_f8QNR8Usu8D9EM8Tr.jpg', '7841865a-021906sy9w.jpg', 'F:\\JavaCode\\able-liu-java\\src\\main\\resources\\static\\img', 'image/jpeg', '\0', null, '128447', '2019-05-24 02:38:30', '../img/FL_f8QNR8Usu8D9EM8Tr.jpg', '', '155');
INSERT INTO `file_info` VALUES ('515', null, '2019-05-24 02:38:31', null, null, null, 'FL_eCMT1MYy48GgBF9pK.jpg', 'd1d1926c-021906sy9r.jpg', 'F:\\JavaCode\\able-liu-java\\src\\main\\resources\\static\\img', 'image/jpeg', '\0', null, '128583', '2019-05-24 02:38:30', '../img/FL_eCMT1MYy48GgBF9pK.jpg', '', '155');
INSERT INTO `file_info` VALUES ('516', null, '2019-05-24 02:39:52', null, null, null, 'FL_bccBpNoZZtxd3JApg.jpg', '1.jpg', 'F:\\JavaCode\\able-liu-java\\src\\main\\resources\\static\\img', 'image/jpeg', '\0', null, '168894', '2019-05-24 02:39:51', '../img/FL_bccBpNoZZtxd3JApg.jpg', '', '156');
INSERT INTO `file_info` VALUES ('517', null, '2019-05-24 02:39:52', null, null, null, 'FL_fpK1MpYf2w6aijrwB.jpg', '3a60263a-021905q20x.jpg', 'F:\\JavaCode\\able-liu-java\\src\\main\\resources\\static\\img', 'image/jpeg', '\0', null, '163998', '2019-05-24 02:39:51', '../img/FL_fpK1MpYf2w6aijrwB.jpg', '', '156');
INSERT INTO `file_info` VALUES ('518', null, '2019-05-24 02:39:52', null, null, null, 'FL_f1dmcRWSyd5g27sK7.jpg', '8b62c49b-021905q20w.jpg', 'F:\\JavaCode\\able-liu-java\\src\\main\\resources\\static\\img', 'image/jpeg', '\0', null, '161869', '2019-05-24 02:39:51', '../img/FL_f1dmcRWSyd5g27sK7.jpg', '', '156');
INSERT INTO `file_info` VALUES ('519', null, '2019-05-24 02:39:52', null, null, null, 'FL_bMCgOugwJT65WyX3Y.jpg', '683ddd8c-021905q20u.jpg', 'F:\\JavaCode\\able-liu-java\\src\\main\\resources\\static\\img', 'image/jpeg', '\0', null, '143746', '2019-05-24 02:39:51', '../img/FL_bMCgOugwJT65WyX3Y.jpg', '', '156');
INSERT INTO `file_info` VALUES ('520', null, '2019-05-24 02:39:52', null, null, null, 'FL_eCX5Bj0J7BOjp25GP.jpg', '86760838-021905q213.jpg', 'F:\\JavaCode\\able-liu-java\\src\\main\\resources\\static\\img', 'image/jpeg', '\0', null, '148305', '2019-05-24 02:39:51', '../img/FL_eCX5Bj0J7BOjp25GP.jpg', '', '156');
INSERT INTO `file_info` VALUES ('521', null, '2019-05-24 02:39:52', null, null, null, 'FL_d30JLcV1fkOion4hc.jpg', 'e4274a15-021905q20s.jpg', 'F:\\JavaCode\\able-liu-java\\src\\main\\resources\\static\\img', 'image/jpeg', '\0', null, '158293', '2019-05-24 02:39:51', '../img/FL_d30JLcV1fkOion4hc.jpg', '', '156');
INSERT INTO `file_info` VALUES ('522', null, '2019-05-24 02:41:03', null, null, null, 'FL_fWxqBZkT33H2QHDCR.jpg', '3acc30de-101901g8ze.jpg', 'F:\\JavaCode\\able-liu-java\\src\\main\\resources\\static\\img', 'image/jpeg', '\0', null, '157661', '2019-05-24 02:41:03', '../img/FL_fWxqBZkT33H2QHDCR.jpg', '', '157');
INSERT INTO `file_info` VALUES ('523', null, '2019-05-24 02:41:03', null, null, null, 'FL_eGRg80Ps0jP6Zb3Hj.jpg', '4bc0b304-101901g91i.jpg', 'F:\\JavaCode\\able-liu-java\\src\\main\\resources\\static\\img', 'image/jpeg', '\0', null, '142219', '2019-05-24 02:41:03', '../img/FL_eGRg80Ps0jP6Zb3Hj.jpg', '', '157');
INSERT INTO `file_info` VALUES ('524', null, '2019-05-24 02:41:03', null, null, null, 'FL_fxGHjkobYvV34Drqo.jpg', '5deef701-101901g97f.jpg', 'F:\\JavaCode\\able-liu-java\\src\\main\\resources\\static\\img', 'image/jpeg', '\0', null, '130206', '2019-05-24 02:41:03', '../img/FL_fxGHjkobYvV34Drqo.jpg', '', '157');
INSERT INTO `file_info` VALUES ('525', null, '2019-05-24 02:41:03', null, null, null, 'FL_cl796w8kwpKa0SuaP.jpg', '256d1cf5-101901g8zg.jpg', 'F:\\JavaCode\\able-liu-java\\src\\main\\resources\\static\\img', 'image/jpeg', '\0', null, '132513', '2019-05-24 02:41:03', '../img/FL_cl796w8kwpKa0SuaP.jpg', '', '157');
INSERT INTO `file_info` VALUES ('526', null, '2019-05-24 02:41:03', null, null, null, 'FL_fKrlCpwuro06yBrmj.jpg', 'c4f5173b-101901g97j.jpg', 'F:\\JavaCode\\able-liu-java\\src\\main\\resources\\static\\img', 'image/jpeg', '\0', null, '118734', '2019-05-24 02:41:03', '../img/FL_fKrlCpwuro06yBrmj.jpg', '', '157');
INSERT INTO `file_info` VALUES ('529', null, '2019-05-25 03:51:30', null, null, null, 'FL_exh4h9FGmM8gsBG3S.jpg', 'FL_b7cbd6F9DZzljQ3oi.jpg', 'F:\\JavaCode\\able-liu-java\\src\\main\\resources\\static\\img', 'image/jpeg', '\0', null, '162394', '2019-05-25 03:51:29', '../img/FL_b7cbd6F9DZzljQ3oi.jpg', '', '160');
INSERT INTO `file_info` VALUES ('530', null, '2019-05-25 03:51:30', null, null, null, 'FL_bXSEr43orcre1D8Bv.jpg', 'FL_b7LfhkCX3AS4dAM1L.jpg', 'F:\\JavaCode\\able-liu-java\\src\\main\\resources\\static\\img', 'image/jpeg', '\0', null, '149625', '2019-05-25 03:51:29', '../img/FL_b7LfhkCX3AS4dAM1L.jpg', '', '160');
INSERT INTO `file_info` VALUES ('531', null, '2019-05-25 03:51:30', null, null, null, 'FL_eQtLRAqAW4H2OtLdm.jpg', 'FL_b8ZeQVF1pVE4kElCb.jpg', 'F:\\JavaCode\\able-liu-java\\src\\main\\resources\\static\\img', 'image/jpeg', '\0', null, '154266', '2019-05-25 03:51:29', '../img/FL_b8ZeQVF1pVE4kElCb.jpg', '', '160');
INSERT INTO `file_info` VALUES ('532', null, '2019-05-25 03:51:30', null, null, null, 'FL_fpFAPMuXTrudpZoc3.jpg', 'FL_b9pvoVOFnju4hS0zw.jpg', 'F:\\JavaCode\\able-liu-java\\src\\main\\resources\\static\\img', 'image/jpeg', '\0', null, '218349', '2019-05-25 03:51:29', '../img/FL_b9pvoVOFnju4hS0zw.jpg', '', '160');

-- ----------------------------
-- Table structure for menu
-- ----------------------------
DROP TABLE IF EXISTS `menu`;
CREATE TABLE `menu` (
  `id` bigint(20) NOT NULL AUTO_INCREMENT,
  `icon` varchar(255) CHARACTER SET utf8 COLLATE utf8_general_ci DEFAULT NULL,
  `name` varchar(255) CHARACTER SET utf8 COLLATE utf8_general_ci DEFAULT NULL,
  `url` varchar(255) CHARACTER SET utf8 COLLATE utf8_general_ci DEFAULT NULL,
  `parent_id` int(11) DEFAULT NULL,
  `created_by` varchar(255) CHARACTER SET utf8 COLLATE utf8_general_ci DEFAULT NULL,
  `created_date` datetime DEFAULT NULL,
  `updated_by` varchar(255) CHARACTER SET utf8 COLLATE utf8_general_ci DEFAULT NULL,
  `updated_date` datetime DEFAULT NULL,
  PRIMARY KEY (`id`) USING BTREE
) ENGINE=InnoDB AUTO_INCREMENT=7 DEFAULT CHARSET=utf8 ROW_FORMAT=DYNAMIC;

-- ----------------------------
-- Records of menu
-- ----------------------------
INSERT INTO `menu` VALUES ('1', null, '添加用户', '/user/add', null, null, null, null, null);
INSERT INTO `menu` VALUES ('2', null, '修改用户', '/user/update', null, null, null, null, null);
INSERT INTO `menu` VALUES ('3', null, '删除用户', '/user/del', null, null, null, null, null);
INSERT INTO `menu` VALUES ('4', null, '会员列表', '/user/list', null, null, null, null, null);
INSERT INTO `menu` VALUES ('5', null, '文件操作', 'api/file/*', null, null, null, null, null);
INSERT INTO `menu` VALUES ('6', null, '管理中心', '/mgrcenter', null, null, null, null, null);

-- ----------------------------
-- Table structure for order_master
-- ----------------------------
DROP TABLE IF EXISTS `order_master`;
CREATE TABLE `order_master` (
  `id` bigint(20) NOT NULL AUTO_INCREMENT,
  `created_date` datetime DEFAULT NULL,
  `updated_date` datetime DEFAULT NULL,
  `buyer_amount` decimal(19,2) DEFAULT NULL,
  `car_brand` varchar(255) CHARACTER SET utf8 COLLATE utf8_general_ci DEFAULT NULL,
  `car_color` varchar(255) CHARACTER SET utf8 COLLATE utf8_general_ci DEFAULT NULL,
  `car_id` bigint(20) NOT NULL,
  `car_name` varchar(255) CHARACTER SET utf8 COLLATE utf8_general_ci DEFAULT NULL,
  `car_rent` bigint(20) DEFAULT NULL,
  `car_type` varchar(255) CHARACTER SET utf8 COLLATE utf8_general_ci DEFAULT NULL,
  `lease_day` int(11) DEFAULT NULL,
  `order_id` varchar(255) CHARACTER SET utf8 COLLATE utf8_general_ci DEFAULT NULL,
  `order_status` int(11) DEFAULT NULL,
  `user_id_card` varchar(255) CHARACTER SET utf8 COLLATE utf8_general_ci DEFAULT NULL,
  `user_name` varchar(255) CHARACTER SET utf8 COLLATE utf8_general_ci DEFAULT NULL,
  `user_phone` varchar(255) CHARACTER SET utf8 COLLATE utf8_general_ci DEFAULT NULL,
  `detailed_address` varchar(255) CHARACTER SET utf8 COLLATE utf8_general_ci DEFAULT NULL,
  `end_date` datetime DEFAULT NULL,
  `send_car` int(11) DEFAULT NULL,
  `start_date` datetime DEFAULT NULL,
  `car_img_url` varchar(255) CHARACTER SET utf8 COLLATE utf8_general_ci DEFAULT NULL,
  `user_id` bigint(20) NOT NULL,
  `car_describe` varchar(255) CHARACTER SET utf8 COLLATE utf8_general_ci DEFAULT NULL,
  PRIMARY KEY (`id`) USING BTREE,
  KEY `user_id` (`user_id`),
  KEY `car_rent` (`car_rent`)
) ENGINE=InnoDB AUTO_INCREMENT=86 DEFAULT CHARSET=utf8 ROW_FORMAT=DYNAMIC;

-- ----------------------------
-- Records of order_master
-- ----------------------------
INSERT INTO `order_master` VALUES ('61', '2019-05-22 12:27:28', '2019-05-24 02:56:16', '1600.00', '大众', '红色', '105', '大众100', '200', '轿车', '8', '120190522122727708', '2', '110', 'user', '168536464646', '', '2019-05-30 00:00:00', '1', '2019-05-22 00:00:00', '../img/FL_bgRHOLcFO0cdYpbQF.jpg', '2', '大众轿车，家居旅行必备');
INSERT INTO `order_master` VALUES ('62', '2019-05-22 12:28:26', '2019-05-22 12:29:03', '2880.00', '莲花', '黄色', '100', '莲花GT', '320', '超跑', '9', '120190522122825630', '1', '110', 'user', '168536464646', '', '2019-05-31 00:00:00', '1', '2019-05-22 00:00:00', '../img/FL_du51TKnLSHxdK5Fxt.jpg', '2', '心要飞越每一个巅峰，如闯荡山野的狂风');
INSERT INTO `order_master` VALUES ('64', '2019-05-22 12:43:13', '2019-05-22 12:43:53', '2000.00', '奥迪', '黑色', '111', '奥迪A8L', '500', '轿车', '4', '120190522124312625', '1', '110', 'user', '168536464646', '', '2019-05-26 00:00:00', '1', '2019-05-22 00:00:00', '../img/FL_cDZJtKF1A5dlMsCV1.jpg', '2', '未来的安全技术，已用于今天的汽车');
INSERT INTO `order_master` VALUES ('65', '2019-05-22 12:44:06', '2019-05-23 03:47:55', '400.00', '宝马', '灰色', '95', '宝马GLK300', '200', 'SUV', '2', '120190522124406147', '1', '110', 'user', '168536464646', '', '2019-05-24 00:00:00', '1', '2019-05-22 00:00:00', '../img/FL_bPA9ymp84RMeFRUJq.jpg', '2', '未来的安全技术，已用于今天的汽车');
INSERT INTO `order_master` VALUES ('66', '2019-05-22 12:45:11', '2019-05-24 14:38:20', '600.00', '奔驰', '黑色', '109', '奔驰S400L', '200', '轿车', '3', '120190522124511315', '2', '110', 'user', '168536464646', '', '2019-05-26 00:00:00', '1', '2019-05-23 00:00:00', '../img/FL_g0RhLgiKWhC3MlhVR.jpg', '2', '奔驰S400L，成功人士的必备选择');
INSERT INTO `order_master` VALUES ('77', '2019-05-24 14:31:45', null, '1400.00', 'RONGWEI', '蓝色', '90', 'rx5', '200', 'SUV', '7', '220190524143144683', '0', '430253196606428865', 'user', '17673817175', '', '2019-05-22 00:00:00', '1', '2019-05-15 00:00:00', '../img/FL_bqRp29weFUYhl8bIN.jpg', '2', '未来的安全技术，已用于今天的汽车');
INSERT INTO `order_master` VALUES ('81', '2019-05-24 15:16:00', '2019-05-24 15:18:44', '1000.00', '吉普', '红色', '101', 'jeep 爱国者', '500', 'SUV', '2', '2520190524151559846', '2', '4646546546546', 'xiaosisi', null, '', '2019-05-26 00:00:00', '1', '2019-05-24 00:00:00', '../img/FL_eV73nMhAsBsjWHkZw.jpg', '25', '流走的是岁月，沉淀的是经典');
INSERT INTO `order_master` VALUES ('83', '2019-05-25 00:47:45', null, '500.00', '法拉利', '白色', '106', '法拉利458', '500', '跑车', '1', '2620190525004744500', '0', '1111111111', '111', null, '', '2019-05-26 00:00:00', '1', '2019-05-25 00:00:00', '../img/FL_eShiOaIUi6Kh6QLuZ.jpg', '26', '闪烁疾驰，用尾灯为对手照亮前路');
INSERT INTO `order_master` VALUES ('84', '2019-05-25 00:48:39', '2019-05-25 00:51:57', '500.00', '法拉利', '白色', '106', '法拉利458', '500', '跑车', '1', '2620190525004838571', '1', '1111111111', '111', null, '', '2019-05-26 00:00:00', '1', '2019-05-25 00:00:00', '../img/FL_eShiOaIUi6Kh6QLuZ.jpg', '26', '闪烁疾驰，用尾灯为对手照亮前路');

-- ----------------------------
-- Table structure for role
-- ----------------------------
DROP TABLE IF EXISTS `role`;
CREATE TABLE `role` (
  `id` bigint(20) NOT NULL AUTO_INCREMENT,
  `role_id` bigint(11) DEFAULT NULL,
  `role_name` varchar(255) CHARACTER SET utf8 COLLATE utf8_general_ci DEFAULT NULL,
  `created_by` varchar(255) CHARACTER SET utf8 COLLATE utf8_general_ci DEFAULT NULL,
  `created_date` datetime DEFAULT NULL,
  `updated_by` varchar(255) CHARACTER SET utf8 COLLATE utf8_general_ci DEFAULT NULL,
  `updated_date` datetime DEFAULT NULL,
  PRIMARY KEY (`id`) USING BTREE,
  KEY `role_id` (`role_id`),
  CONSTRAINT `role_ibfk_1` FOREIGN KEY (`id`) REFERENCES `role_menu` (`role_id`)
) ENGINE=InnoDB AUTO_INCREMENT=3 DEFAULT CHARSET=utf8 ROW_FORMAT=DYNAMIC;

-- ----------------------------
-- Records of role
-- ----------------------------
INSERT INTO `role` VALUES ('1', '1', '管理员', null, null, null, null);
INSERT INTO `role` VALUES ('2', '2', '用户', null, null, null, null);

-- ----------------------------
-- Table structure for role_menu
-- ----------------------------
DROP TABLE IF EXISTS `role_menu`;
CREATE TABLE `role_menu` (
  `id` bigint(20) NOT NULL AUTO_INCREMENT,
  `role_id` bigint(20) NOT NULL,
  `menu_id` bigint(20) NOT NULL,
  `created_by` varchar(255) CHARACTER SET utf8 COLLATE utf8_general_ci DEFAULT NULL,
  `created_date` datetime DEFAULT NULL,
  `updated_by` varchar(255) CHARACTER SET utf8 COLLATE utf8_general_ci DEFAULT NULL,
  `updated_date` datetime DEFAULT NULL,
  PRIMARY KEY (`id`) USING BTREE,
  KEY `menu_id` (`menu_id`),
  KEY `role_id` (`role_id`),
  CONSTRAINT `role_menu_ibfk_1` FOREIGN KEY (`role_id`) REFERENCES `role` (`id`),
  CONSTRAINT `role_menu_ibfk_2` FOREIGN KEY (`menu_id`) REFERENCES `menu` (`id`)
) ENGINE=InnoDB AUTO_INCREMENT=8 DEFAULT CHARSET=utf8 ROW_FORMAT=DYNAMIC;

-- ----------------------------
-- Records of role_menu
-- ----------------------------
INSERT INTO `role_menu` VALUES ('1', '1', '1', null, null, null, null);
INSERT INTO `role_menu` VALUES ('2', '1', '2', null, null, null, null);
INSERT INTO `role_menu` VALUES ('3', '1', '3', null, null, null, null);
INSERT INTO `role_menu` VALUES ('4', '1', '4', null, null, null, null);
INSERT INTO `role_menu` VALUES ('5', '2', '4', null, null, null, null);
INSERT INTO `role_menu` VALUES ('6', '1', '5', null, null, null, null);
INSERT INTO `role_menu` VALUES ('7', '1', '6', null, null, null, null);

-- ----------------------------
-- Table structure for user
-- ----------------------------
DROP TABLE IF EXISTS `user`;
CREATE TABLE `user` (
  `id` bigint(20) NOT NULL AUTO_INCREMENT,
  `username` varchar(255) CHARACTER SET utf8 COLLATE utf8_general_ci DEFAULT NULL,
  `password` varchar(255) CHARACTER SET utf8 COLLATE utf8_general_ci DEFAULT NULL,
  `imgurl` varchar(255) CHARACTER SET utf8 COLLATE utf8_general_ci DEFAULT NULL,
  `phone` varchar(255) CHARACTER SET utf8 COLLATE utf8_general_ci DEFAULT NULL,
  `id_card` varchar(255) CHARACTER SET utf8 COLLATE utf8_general_ci DEFAULT NULL,
  `admin` bigint(255) NOT NULL,
  `created_by` varchar(255) CHARACTER SET utf8 COLLATE utf8_general_ci DEFAULT NULL,
  `created_date` datetime DEFAULT NULL,
  `updated_by` varchar(255) CHARACTER SET utf8 COLLATE utf8_general_ci DEFAULT NULL,
  `updated_date` datetime DEFAULT NULL,
  `sex` char(1) CHARACTER SET utf8 COLLATE utf8_general_ci DEFAULT NULL,
  `email` varchar(255) CHARACTER SET utf8 COLLATE utf8_general_ci DEFAULT NULL,
  `label` varchar(255) CHARACTER SET utf8 COLLATE utf8_general_ci DEFAULT NULL,
  `name` varchar(255) CHARACTER SET utf8 COLLATE utf8_general_ci DEFAULT NULL,
  PRIMARY KEY (`id`) USING BTREE
) ENGINE=InnoDB AUTO_INCREMENT=28 DEFAULT CHARSET=utf8 ROW_FORMAT=DYNAMIC;

-- ----------------------------
-- Records of user
-- ----------------------------
INSERT INTO `user` VALUES ('1', 'admin', 'admin', '/home/ableliu/file/20190225/113243/FL_fjKCUy29p4ykoixyg.jpg', '168536464646', '430523199709582658', '1', null, '2019-05-23 09:24:25', null, '2019-05-23 05:50:11', '男', '799296010@qq.com', '宝马,白色,轿车', '刘信');
INSERT INTO `user` VALUES ('2', 'user', 'user', '/home/ableliu/file/20190225/113647/FL_eUnpB2tShpk7cRuR8.jpeg', '17673817175', '430253196606428865', '2', null, '2019-05-23 09:24:25', null, null, '男', '799296010@qq.com', 'SUV', '刘信');
INSERT INTO `user` VALUES ('3', '刘慧', '25', '/home/ableliu/file/20190225/114350/FL_cPXXvO2SzHs5y7OlD.jpg', '17673817175', '430253196606428865', '2', null, '2019-05-23 09:24:25', null, null, '男', '799296010@qq.com', 'SUV', '刘信');
INSERT INTO `user` VALUES ('4', '小星星', '2', '/home/ableliu/file/20190225/133722/FL_efPQSqDYCPMbTf529.jpg', '17673817175', '430253196606428865', '2', null, '2019-05-23 09:24:25', null, null, '男', '799296010@qq.com', 'SUV', '刘信');
INSERT INTO `user` VALUES ('5', '小星', '9', '/home/ableliu/file/20190225/133916/FL_frknRug9HL9l76f69.jpg', '17673817175', '430253196606428865', '2', null, '2019-05-23 09:24:25', null, null, '男', '799296010@qq.com', 'SUV', '刘信');
INSERT INTO `user` VALUES ('6', '木木', '1', '/home/ableliu/file/20190225/144855/FL_cVxdDz6R4Tc9SDGgY.jpg', '17673817175', '430253196606428865', '2', null, '2019-05-23 09:24:25', null, null, '男', '799296010@qq.com', 'SUV', '刘信');
INSERT INTO `user` VALUES ('7', '灵敏度', '5', '/home/ableliu/file/20190225/144917/FL_bh3uYGteT6HiUkCVE.jpg', '17673817175', '430253196606428865', '2', null, '2019-05-23 09:24:25', null, null, '男', '799296010@qq.com', 'SUV', '刘信');
INSERT INTO `user` VALUES ('17', '18216215139', '111', null, '18216215139', '430253196606428865', '2', null, '2019-05-23 09:24:25', null, null, '男', '799296010@qq.com', 'SUV', '刘信');
INSERT INTO `user` VALUES ('18', '17673817175', '111', null, '18216215139', '430253196606428865', '1', null, '2019-05-23 09:24:25', null, null, '男', '799296010@qq.com', 'SUV', '刘信');
INSERT INTO `user` VALUES ('23', '17684153526', '1', null, '18216215139', '430253196606428865', '2', null, '2019-05-23 09:24:25', null, '2019-05-23 09:24:25', '男', '799296010@qq.com', 'SUV', '刘信');
INSERT INTO `user` VALUES ('24', 'user1', 'user1', null, null, '46256595656595656565', '2', null, '2019-05-24 15:01:07', null, '2019-05-24 15:01:07', null, null, 'SUV', null);
INSERT INTO `user` VALUES ('25', 'xiaosisi', '7474', null, null, '4646546546546', '2', null, '2019-05-24 15:12:49', null, '2019-05-24 15:12:49', null, null, 'SUV', null);
INSERT INTO `user` VALUES ('26', '111', '111', null, null, '1111111111', '2', null, '2019-05-25 00:40:41', null, '2019-05-25 00:40:41', null, null, '宝马,跑车,轿车', null);
INSERT INTO `user` VALUES ('27', '1', '1', null, null, '', '2', null, '2019-05-25 03:45:21', null, '2019-05-25 03:45:21', null, null, 'SUV', null);

-- ----------------------------
-- Table structure for user_role
-- ----------------------------
DROP TABLE IF EXISTS `user_role`;
CREATE TABLE `user_role` (
  `id` bigint(20) NOT NULL AUTO_INCREMENT,
  `role_id` bigint(20) NOT NULL,
  `user_id` bigint(20) NOT NULL,
  `created_by` varchar(255) CHARACTER SET utf8 COLLATE utf8_general_ci DEFAULT NULL,
  `created_date` datetime DEFAULT NULL,
  `updated_by` varchar(255) CHARACTER SET utf8 COLLATE utf8_general_ci DEFAULT NULL,
  `updated_date` datetime DEFAULT NULL,
  PRIMARY KEY (`id`) USING BTREE,
  KEY `user_id` (`user_id`),
  KEY `role_id` (`role_id`),
  CONSTRAINT `user_role_ibfk_1` FOREIGN KEY (`role_id`) REFERENCES `role` (`id`) ON DELETE RESTRICT ON UPDATE RESTRICT,
  CONSTRAINT `user_role_ibfk_2` FOREIGN KEY (`user_id`) REFERENCES `user` (`id`)
) ENGINE=InnoDB AUTO_INCREMENT=3 DEFAULT CHARSET=utf8 ROW_FORMAT=DYNAMIC;

-- ----------------------------
-- Records of user_role
-- ----------------------------
INSERT INTO `user_role` VALUES ('1', '1', '1', null, null, null, null);
INSERT INTO `user_role` VALUES ('2', '2', '2', null, null, null, null);
